<powerpagecomponent powerpagecomponentid="772f3e55-6046-426f-9af8-6daecd98a82e">
  <content>{"display_name":"Account/Set Password/Confirm Password","type":756150000,"value":"Confirm Password"}</content>
  <iscustomizable>1</iscustomizable>
  <name>Account/SetPassword/ConfirmPassword</name>
  <powerpagecomponenttype>7</powerpagecomponenttype>
  <powerpagesiteid>
    <powerpagesiteid>6dc36fbc-1f20-4641-8e41-bf3fb5b9a72a</powerpagesiteid>
  </powerpagesiteid>
  <powerpagesitelanguageid>
    <powerpagesitelanguageid>d1f8d8ba-31d1-4964-9d0a-be4e20c8ecd2</powerpagesitelanguageid>
  </powerpagesitelanguageid>
  <statecode>0</statecode>
  <statuscode>1</statuscode>
</powerpagecomponent>