<powerpagecomponent powerpagecomponentid="dd23e5a9-0826-44b1-b33c-28bc35cea13f">
  <content>{"display_name":"Account/Signin/Minor Not Allowed Copy","type":756150001,"value":"&lt;p&gt;The use of this portal by minors is not allowed.&lt;/p&gt;"}</content>
  <iscustomizable>1</iscustomizable>
  <name>Account/Signin/MinorNotAllowedCopy</name>
  <powerpagecomponenttype>7</powerpagecomponenttype>
  <powerpagesiteid>
    <powerpagesiteid>6dc36fbc-1f20-4641-8e41-bf3fb5b9a72a</powerpagesiteid>
  </powerpagesiteid>
  <powerpagesitelanguageid>
    <powerpagesitelanguageid>d1f8d8ba-31d1-4964-9d0a-be4e20c8ecd2</powerpagesitelanguageid>
  </powerpagesitelanguageid>
  <statecode>0</statecode>
  <statuscode>1</statuscode>
</powerpagecomponent>