<powerpagecomponent powerpagecomponentid="23774b2e-34f1-4663-805a-e6c657dc47d9">
  <content>{"display_name":"Profile/MarketPhone","type":756150000,"value":"Phone"}</content>
  <iscustomizable>1</iscustomizable>
  <name>Profile/MarketPhone</name>
  <powerpagecomponenttype>7</powerpagecomponenttype>
  <powerpagesiteid>
    <powerpagesiteid>6dc36fbc-1f20-4641-8e41-bf3fb5b9a72a</powerpagesiteid>
  </powerpagesiteid>
  <powerpagesitelanguageid>
    <powerpagesitelanguageid>d1f8d8ba-31d1-4964-9d0a-be4e20c8ecd2</powerpagesitelanguageid>
  </powerpagesitelanguageid>
  <statecode>0</statecode>
  <statuscode>1</statuscode>
</powerpagecomponent>