<ImportExportXml xmlns:xsi="http://www.w3.org/2001/XMLSchema-instance">
  <Entities></Entities>
  <Roles></Roles>
  <Workflows>
    <Workflow WorkflowId="{5a56faae-3688-ee11-8179-002248044d4e}" Name="Export CSV from Power Apps">
      <JsonFileName>/Workflows/ExportCSVfromPowerApps-5A56FAAE-3688-EE11-8179-002248044D4E.json</JsonFileName>
      <Type>1</Type>
      <Subprocess>0</Subprocess>
      <Category>5</Category>
      <Mode>0</Mode>
      <Scope>4</Scope>
      <OnDemand>0</OnDemand>
      <TriggerOnCreate>0</TriggerOnCreate>
      <TriggerOnDelete>0</TriggerOnDelete>
      <AsyncAutodelete>0</AsyncAutodelete>
      <SyncWorkflowLogOnFailure>0</SyncWorkflowLogOnFailure>
      <StateCode>1</StateCode>
      <StatusCode>2</StatusCode>
      <RunAs>1</RunAs>
      <IsTransacted>1</IsTransacted>
      <IntroducedVersion>1.0.0.0</IntroducedVersion>
      <IsCustomizable>1</IsCustomizable>
      <IsCustomProcessingStepAllowedForOtherPublishers>1</IsCustomProcessingStepAllowedForOtherPublishers>
      <PrimaryEntity>none</PrimaryEntity>
      <LocalizedNames>
        <LocalizedName languagecode="1033" description="Export CSV from Power Apps" />
      </LocalizedNames>
    </Workflow>
    <Workflow WorkflowId="{5b56faae-3688-ee11-8179-002248044d4e}" Name="PDF Extractor App from sharepoint to sql">
      <JsonFileName>/Workflows/PDFExtractorAppfromsharepointtosql-5B56FAAE-3688-EE11-8179-002248044D4E.json</JsonFileName>
      <Type>1</Type>
      <Subprocess>0</Subprocess>
      <Category>5</Category>
      <Mode>0</Mode>
      <Scope>4</Scope>
      <OnDemand>0</OnDemand>
      <TriggerOnCreate>0</TriggerOnCreate>
      <TriggerOnDelete>0</TriggerOnDelete>
      <AsyncAutodelete>0</AsyncAutodelete>
      <SyncWorkflowLogOnFailure>0</SyncWorkflowLogOnFailure>
      <StateCode>1</StateCode>
      <StatusCode>2</StatusCode>
      <RunAs>1</RunAs>
      <IsTransacted>1</IsTransacted>
      <IntroducedVersion>1.0.0.0</IntroducedVersion>
      <IsCustomizable>1</IsCustomizable>
      <IsCustomProcessingStepAllowedForOtherPublishers>1</IsCustomProcessingStepAllowedForOtherPublishers>
      <PrimaryEntity>none</PrimaryEntity>
      <LocalizedNames>
        <LocalizedName languagecode="1033" description="PDF Extractor App from sharepoint to sql" />
      </LocalizedNames>
    </Workflow>
    <Workflow WorkflowId="{5c56faae-3688-ee11-8179-002248044d4e}" Name="PDF Extractor App from blob to sql">
      <JsonFileName>/Workflows/PDFExtractorAppfromblobtosql-5C56FAAE-3688-EE11-8179-002248044D4E.json</JsonFileName>
      <Type>1</Type>
      <Subprocess>0</Subprocess>
      <Category>5</Category>
      <Mode>0</Mode>
      <Scope>4</Scope>
      <OnDemand>0</OnDemand>
      <TriggerOnCreate>0</TriggerOnCreate>
      <TriggerOnDelete>0</TriggerOnDelete>
      <AsyncAutodelete>0</AsyncAutodelete>
      <SyncWorkflowLogOnFailure>0</SyncWorkflowLogOnFailure>
      <StateCode>1</StateCode>
      <StatusCode>2</StatusCode>
      <RunAs>1</RunAs>
      <IsTransacted>1</IsTransacted>
      <IntroducedVersion>1.0.0.0</IntroducedVersion>
      <IsCustomizable>1</IsCustomizable>
      <IsCustomProcessingStepAllowedForOtherPublishers>1</IsCustomProcessingStepAllowedForOtherPublishers>
      <PrimaryEntity>none</PrimaryEntity>
      <LocalizedNames>
        <LocalizedName languagecode="1033" description="PDF Extractor App from blob to sql" />
      </LocalizedNames>
    </Workflow>
  </Workflows>
  <FieldSecurityProfiles></FieldSecurityProfiles>
  <Templates />
  <EntityMaps />
  <EntityRelationships />
  <OrganizationSettings />
  <optionsets />
  <CustomControls />
  <EntityDataProviders />
  <CanvasApps>
    <CanvasApp>
      <Name>tk_pdfdataextracterappprod_f65a7</Name>
      <AppVersion>2023-11-30T13:57:35Z</AppVersion>
      <Status>Ready</Status>
      <CreatedByClientVersion>3.23105.18.0</CreatedByClientVersion>
      <MinClientVersion>3.23105.18.0</MinClientVersion>
      <Tags>{"primaryDeviceWidth":"1366","primaryDeviceHeight":"768","supportsPortrait":"true","supportsLandscape":"true","primaryFormFactor":"Tablet","showStatusBar":"false","publisherVersion":"3.23105.18","minimumRequiredApiVersion":"2.2.0","hasComponent":"false","hasUnlockedComponent":"false","isUnifiedRootApp":"false","sienaVersion":"20231128T122415Z-3.23105.18.0"}</Tags>
      <IsCdsUpgraded>0</IsCdsUpgraded>
      <GalleryItemId xsi:nil="true"></GalleryItemId>
      <BackgroundColor>rgba(0, 176, 240, 1)</BackgroundColor>
      <DisplayName>PdfDataExtracterAppProd</DisplayName>
      <Description xsi:nil="true"></Description>
      <CommitMessage xsi:nil="true"></CommitMessage>
      <Publisher></Publisher>
      <AuthorizationReferences>[]</AuthorizationReferences>
      <ConnectionReferences>{"f19818b9-9569-435c-98d5-0bec64d59821":{"id":"/providers/microsoft.powerapps/apis/shared_sql","xrmConnectionReferenceLogicalName":"tk_sharedsql_14154","displayName":"SQL Server","executionRestrictions":{"version":1,"modifiedOn":"2023-11-30 13:57:32","appVer":"3.23105.18","apiId":"/providers/microsoft.powerapps/apis/shared_sql","apiVer":2,"policy":"{\"type\":\"tabular\",\"dataSources\":{\"[dbo].[dbq_data]\":[\"get\"]}}"},"iconUri":"https://connectoricons-prod.azureedge.net/releases/v1.0.1666/1.0.1666.3495/sql/icon.png","dataSources":["DBQ_Data"],"dependencies":[],"dependents":["6a3895eb-9a30-4348-8942-92e1baa9b190"],"parameterHints":{},"parameterHintsV2":{},"isOnPremiseConnection":false,"sharedConnectionId":"b125403b-f4b8-4aad-aecc-bc6e5b1d4b38","bypassConsent":false,"dataSets":{"sterling-medical-sql-server.database.windows.net,sterling-medical-sql-dev":{"dataSources":{"DBQ_Data":{"tableName":"[dbo].[DBQ_Data]"}}}},"apiTier":"Premium","actions":["providers/PowerPlatform.Governance/Operations/Read"],"endpoints":["sterling-medical-sql-server.database.windows.net,sterling-medical-sql-dev"],"authenticationType":"sqlAuthentication"},"a2046dec-9007-4761-8bb4-7e7d262c2539":{"id":"/providers/microsoft.powerapps/apis/shared_azureblob","xrmConnectionReferenceLogicalName":"tk_sharedazureblob_0f339","displayName":"Azure Blob Storage","executionRestrictions":{"version":1,"modifiedOn":"2023-11-30 13:57:32","appVer":"3.23105.18","apiId":"/providers/microsoft.powerapps/apis/shared_azureblob","policy":"{\"type\":\"action\",\"dataSources\":{\"actions\":[\"listrootfolderv2\",\"createfile\"]}}"},"iconUri":"https://connectoricons-prod.azureedge.net/releases/v1.0.1664/1.0.1664.3477/azureblob/icon.png","dataSources":["AzureBlobStorage"],"dependencies":[],"dependents":[],"parameterHints":{},"parameterHintsV2":{},"isOnPremiseConnection":false,"sharedConnectionId":"69234d87-b7e6-4e1c-af23-23d364d3713e","bypassConsent":false,"dataSets":{},"apiTier":"Premium","actions":["ListRootFolderV2","CreateFile"],"endpoints":["pdfsforextraction"],"authenticationType":"keyBasedAuth"},"6a3895eb-9a30-4348-8942-92e1baa9b190":{"id":"/providers/microsoft.powerapps/apis/shared_logicflows","displayName":"Logic flows","iconUri":"https://connectoricons-prod.azureedge.net/releases/v1.0.1664/1.0.1664.3477/logicflows/icon.png","dataSources":["ExportCSVfromPowerApps"],"dependencies":["5f8f1367-7641-4131-a507-d640b21ccd32","f19818b9-9569-435c-98d5-0bec64d59821"],"dependents":[],"parameterHints":{"workflowName":{"value":"86707d26-fc52-4a4e-b7ca-900d7ed7ab85"},"workflowEntityId":{"value":"5a56faae-3688-ee11-8179-002248044d4e"},"5f8f1367-7641-4131-a507-d640b21ccd32":{"value":"shared_onedriveforbusiness"},"f19818b9-9569-435c-98d5-0bec64d59821":{"value":"shared_sql_1"}},"parameterHintsV2":{"workflowName":{"value":"86707d26-fc52-4a4e-b7ca-900d7ed7ab85"},"workflowEntityId":{"value":"5a56faae-3688-ee11-8179-002248044d4e"},"shared_onedriveforbusiness":{"value":"5f8f1367-7641-4131-a507-d640b21ccd32"},"shared_sql_1":{"value":"f19818b9-9569-435c-98d5-0bec64d59821"}},"isOnPremiseConnection":false,"bypassConsent":false,"dataSets":{},"apiTier":"Standard","actions":["Run"]},"5f8f1367-7641-4131-a507-d640b21ccd32":{"id":"/providers/microsoft.powerapps/apis/shared_onedriveforbusiness","displayName":"OneDrive for Business","iconUri":"https://connectoricons-prod.azureedge.net/releases/v1.0.1656/1.0.1656.3432/onedriveforbusiness/icon.png","dataSources":[],"dependencies":[],"dependents":["6a3895eb-9a30-4348-8942-92e1baa9b190"],"parameterHints":{},"parameterHintsV2":{},"isOnPremiseConnection":false,"bypassConsent":false,"dataSets":{},"apiTier":"Standard"}}</ConnectionReferences>
      <DatabaseReferences>{}</DatabaseReferences>
      <AppComponents>[]</AppComponents>
      <AppComponentDependencies>[]</AppComponentDependencies>
      <CanConsumeAppPass>1</CanConsumeAppPass>
      <CanvasAppType>0</CanvasAppType>
      <BypassConsent>0</BypassConsent>
      <AdminControlBypassConsent>0</AdminControlBypassConsent>
      <EmbeddedApp xsi:nil="true"></EmbeddedApp>
      <IntroducedVersion>1.0</IntroducedVersion>
      <CdsDependencies>{"cdsdependencies":[{"dependencyid":"5a56faae-3688-ee11-8179-002248044d4e","componenttype":29,"componenttypeplatformname":"Workflow"},{"logicalname":"tk_sharedsql_14154","componenttype":10083,"componenttypeplatformname":"ConnectionReference"},{"logicalname":"tk_sharedazureblob_0f339","componenttype":10083,"componenttypeplatformname":"ConnectionReference"}]}</CdsDependencies>
      <IsCustomizable>1</IsCustomizable>
      <BackgroundImageUri>/CanvasApps/tk_pdfdataextracterappprod_f65a7_BackgroundImageUri</BackgroundImageUri>
      <DocumentUri>/CanvasApps/tk_pdfdataextracterappprod_f65a7_DocumentUri.msapp</DocumentUri>
    </CanvasApp>
  </CanvasApps>
  <connectionreferences>
    <connectionreference connectionreferencelogicalname="tk_sharedazureblob_0f339">
      <connectionreferencedisplayname>Azure Blob Storage SMCPDFExtractorApp-0f339</connectionreferencedisplayname>
      <connectorid>/providers/Microsoft.PowerApps/apis/shared_azureblob</connectorid>
      <iscustomizable>1</iscustomizable>
      <statecode>0</statecode>
      <statuscode>1</statuscode>
    </connectionreference>
    <connectionreference connectionreferencelogicalname="tk_sharedformrecognizer_73c95">
      <connectionreferencedisplayname>Form Recognizer SMCPDFExtractorApp-73c95</connectionreferencedisplayname>
      <connectorid>/providers/Microsoft.PowerApps/apis/shared_formrecognizer</connectorid>
      <iscustomizable>1</iscustomizable>
      <statecode>0</statecode>
      <statuscode>1</statuscode>
    </connectionreference>
    <connectionreference connectionreferencelogicalname="tk_sharedonedriveforbusiness_f0742">
      <connectionreferencedisplayname>OneDrive for Business SMCPDFExtractorApp-f0742</connectionreferencedisplayname>
      <connectorid>/providers/Microsoft.PowerApps/apis/shared_onedriveforbusiness</connectorid>
      <iscustomizable>1</iscustomizable>
      <statecode>0</statecode>
      <statuscode>1</statuscode>
    </connectionreference>
    <connectionreference connectionreferencelogicalname="tk_sharedsharepointonline_8526e">
      <connectionreferencedisplayname>SharePoint SMCPDFExtractorApp-8526e</connectionreferencedisplayname>
      <connectorid>/providers/Microsoft.PowerApps/apis/shared_sharepointonline</connectorid>
      <iscustomizable>1</iscustomizable>
      <statecode>0</statecode>
      <statuscode>1</statuscode>
    </connectionreference>
    <connectionreference connectionreferencelogicalname="tk_sharedsql_14154">
      <connectionreferencedisplayname>SQL Server SMCPDFExtractorApp-14154</connectionreferencedisplayname>
      <connectorid>/providers/Microsoft.PowerApps/apis/shared_sql</connectorid>
      <iscustomizable>1</iscustomizable>
      <statecode>0</statecode>
      <statuscode>1</statuscode>
    </connectionreference>
  </connectionreferences>
  <Languages>
    <Language>1033</Language>
  </Languages>
</ImportExportXml>