<powerpagecomponent powerpagecomponentid="ea55757b-6875-4710-a0a1-b8a1f2f6f3ab">
  <content>{"display_name":"Search/Facet/Record Type","type":756150000,"value":"Record Type"}</content>
  <iscustomizable>1</iscustomizable>
  <name>Search/Facet/RecordType</name>
  <powerpagecomponenttype>7</powerpagecomponenttype>
  <powerpagesiteid>
    <powerpagesiteid>6dc36fbc-1f20-4641-8e41-bf3fb5b9a72a</powerpagesiteid>
  </powerpagesiteid>
  <powerpagesitelanguageid>
    <powerpagesitelanguageid>d1f8d8ba-31d1-4964-9d0a-be4e20c8ecd2</powerpagesitelanguageid>
  </powerpagesitelanguageid>
  <statecode>0</statecode>
  <statuscode>1</statuscode>
</powerpagecomponent>