<powerpagecomponent powerpagecomponentid="17e2e3a8-ccf6-4dac-885b-0fd04b46192e">
  <content>{"display_name":"Profile/MarketingPref","type":756150000,"value":"How may we contact you? Select all that apply"}</content>
  <iscustomizable>1</iscustomizable>
  <name>Profile/MarketingPref</name>
  <powerpagecomponenttype>7</powerpagecomponenttype>
  <powerpagesiteid>
    <powerpagesiteid>6dc36fbc-1f20-4641-8e41-bf3fb5b9a72a</powerpagesiteid>
  </powerpagesiteid>
  <powerpagesitelanguageid>
    <powerpagesitelanguageid>d1f8d8ba-31d1-4964-9d0a-be4e20c8ecd2</powerpagesitelanguageid>
  </powerpagesitelanguageid>
  <statecode>0</statecode>
  <statuscode>1</statuscode>
</powerpagecomponent>