<powerpagecomponent powerpagecomponentid="1f113d64-fb2c-4c88-a4be-235f98dd8532">
  <content>{
  "filecontent": null,
  "disablepagevalidation": false,
  "displayimageonly": false,
  "displayorder": 10,
  "displaypagechildlinks": false,
  "openinnewwindow": false,
  "pageid": "28a5fa6d-a1ae-44ac-aa01-92e9ab066c1d",
  "parentweblinkid": null,
  "publishingstateid": "9b9e528b-c84c-4cb4-afaa-56d94d4eb921",
  "robotsfollowlink": true,
  "weblinksetid": "7925a911-9393-4e8a-b04d-a43d060c92c6"
}</content>
  <iscustomizable>1</iscustomizable>
  <name>Subpage 1-deleted</name>
  <powerpagecomponenttype>5</powerpagecomponenttype>
  <powerpagesiteid>
    <powerpagesiteid>6dc36fbc-1f20-4641-8e41-bf3fb5b9a72a</powerpagesiteid>
  </powerpagesiteid>
  <statecode>1</statecode>
  <statuscode>2</statuscode>
</powerpagecomponent>