<powerpagecomponent powerpagecomponentid="f64bb30f-2964-48cf-84fb-5fe39c5e1972">
  <content>{"source":"{% unless placement %}\r\n  {% if id %}\r\n    {% assign placement = ads.placements[id] %}\r\n  {% elsif name %}\r\n    {% assign placement = ads.placements[name] %}\r\n  {% endif %}\r\n{% endunless %}\r\n\r\n{% if placement %}\r\n&lt;div class=\"ad\" data-url=\"{{ placement.random_url | h }}\"&gt;&lt;/div&gt;\r\n{% endif %}"}</content>
  <iscustomizable>1</iscustomizable>
  <name>Random Ad</name>
  <powerpagecomponenttype>8</powerpagecomponenttype>
  <powerpagesiteid>
    <powerpagesiteid>6dc36fbc-1f20-4641-8e41-bf3fb5b9a72a</powerpagesiteid>
  </powerpagesiteid>
  <statecode>0</statecode>
  <statuscode>1</statuscode>
</powerpagecomponent>