<powerpagecomponent powerpagecomponentid="bba3af8a-0428-497b-b499-c32a94a8dc99">
  <content>{"contentdisposition":756150000,"displayorder":10,"enabletracking":false,"excludefromsearch":true,"hiddenfromsitemap":false,"parentpageid":"7f86bc5a-e9eb-4558-a54a-aff1f37057aa","partialurl":"portalbasictheme.css","publishingstateid":"9b9e528b-c84c-4cb4-afaa-56d94d4eb921"}</content>
  <filecontent mimetype="application/octet-stream">portalbasictheme.css</filecontent>
  <iscustomizable>1</iscustomizable>
  <name>portalbasictheme.css</name>
  <powerpagecomponenttype>3</powerpagecomponenttype>
  <powerpagesiteid>
    <powerpagesiteid>6dc36fbc-1f20-4641-8e41-bf3fb5b9a72a</powerpagesiteid>
  </powerpagesiteid>
  <statecode>0</statecode>
  <statuscode>1</statuscode>
</powerpagecomponent>