<powerpagecomponent powerpagecomponentid="ded3c063-1144-4886-8188-f77a4daed307">
  <content>{"display_name":"Account/SignIn/SignInLocalFormHeading","type":756150000,"value":"Local SignIn"}</content>
  <iscustomizable>1</iscustomizable>
  <name>Account/SignIn/SignInLocalFormHeading</name>
  <powerpagecomponenttype>7</powerpagecomponenttype>
  <powerpagesiteid>
    <powerpagesiteid>6dc36fbc-1f20-4641-8e41-bf3fb5b9a72a</powerpagesiteid>
  </powerpagesiteid>
  <powerpagesitelanguageid>
    <powerpagesitelanguageid>d1f8d8ba-31d1-4964-9d0a-be4e20c8ecd2</powerpagesitelanguageid>
  </powerpagesitelanguageid>
  <statecode>0</statecode>
  <statuscode>1</statuscode>
</powerpagecomponent>