<powerpagecomponent powerpagecomponentid="b5e7e137-a82f-4340-98c8-8182fea1026d">
  <content>{"display_name":"Page Related Heading","type":756150000,"value":"Related Topics"}</content>
  <iscustomizable>1</iscustomizable>
  <name>Page Related Heading</name>
  <powerpagecomponenttype>7</powerpagecomponenttype>
  <powerpagesiteid>
    <powerpagesiteid>6dc36fbc-1f20-4641-8e41-bf3fb5b9a72a</powerpagesiteid>
  </powerpagesiteid>
  <powerpagesitelanguageid>
    <powerpagesitelanguageid>d1f8d8ba-31d1-4964-9d0a-be4e20c8ecd2</powerpagesitelanguageid>
  </powerpagesitelanguageid>
  <statecode>0</statecode>
  <statuscode>1</statuscode>
</powerpagecomponent>