<powerpagecomponent powerpagecomponentid="0f5585a0-b902-45a5-bd2f-575f1a3973c6">
  <content>{"display_name":"Search/Title","type":756150000,"value":"&lt;span&gt;Search&lt;/span&gt;"}</content>
  <iscustomizable>1</iscustomizable>
  <name>Search/Title</name>
  <powerpagecomponenttype>7</powerpagecomponenttype>
  <powerpagesiteid>
    <powerpagesiteid>6dc36fbc-1f20-4641-8e41-bf3fb5b9a72a</powerpagesiteid>
  </powerpagesiteid>
  <powerpagesitelanguageid>
    <powerpagesitelanguageid>d1f8d8ba-31d1-4964-9d0a-be4e20c8ecd2</powerpagesitelanguageid>
  </powerpagesitelanguageid>
  <statecode>0</statecode>
  <statuscode>1</statuscode>
</powerpagecomponent>