<powerpagecomponent powerpagecomponentid="96242d5b-b5cc-ee11-9079-000d3a69a76f">
  <content>{
  "isdefault": false,
  "usewebsiteheaderandfooter": true,
  "type": 756150001,
  "webtemplateid": "22134143-b5cc-ee11-9079-000d3a69a76f"
}</content>
  <iscustomizable>1</iscustomizable>
  <name>crud</name>
  <powerpagecomponenttype>6</powerpagecomponenttype>
  <powerpagesiteid>
    <powerpagesiteid>6dc36fbc-1f20-4641-8e41-bf3fb5b9a72a</powerpagesiteid>
  </powerpagesiteid>
  <statecode>0</statecode>
  <statuscode>1</statuscode>
</powerpagecomponent>