<powerpagecomponent powerpagecomponentid="560d601b-455e-4a2c-a515-4164bf494310">
  <content>{"display_name":"Search/No Results","type":756150000,"value":"No results found."}</content>
  <iscustomizable>1</iscustomizable>
  <name>Search/NoResults</name>
  <powerpagecomponenttype>7</powerpagecomponenttype>
  <powerpagesiteid>
    <powerpagesiteid>6dc36fbc-1f20-4641-8e41-bf3fb5b9a72a</powerpagesiteid>
  </powerpagesiteid>
  <powerpagesitelanguageid>
    <powerpagesitelanguageid>d1f8d8ba-31d1-4964-9d0a-be4e20c8ecd2</powerpagesitelanguageid>
  </powerpagesitelanguageid>
  <statecode>0</statecode>
  <statuscode>1</statuscode>
</powerpagecomponent>