<powerpagecomponent powerpagecomponentid="f5f8ed2d-66fe-49b2-8574-5e7184e77b0e">
  <content>{"display_name":"Account/Signin/Terms And Conditions Copy","type":756150001}</content>
  <iscustomizable>1</iscustomizable>
  <name>Account/Signin/TermsAndConditionsCopy</name>
  <powerpagecomponenttype>7</powerpagecomponenttype>
  <powerpagesiteid>
    <powerpagesiteid>6dc36fbc-1f20-4641-8e41-bf3fb5b9a72a</powerpagesiteid>
  </powerpagesiteid>
  <powerpagesitelanguageid>
    <powerpagesitelanguageid>d1f8d8ba-31d1-4964-9d0a-be4e20c8ecd2</powerpagesitelanguageid>
  </powerpagesitelanguageid>
  <statecode>0</statecode>
  <statuscode>1</statuscode>
</powerpagecomponent>