<ImportExportXml xmlns:xsi="http://www.w3.org/2001/XMLSchema-instance">
  <Entities></Entities>
  <Roles></Roles>
  <Workflows>
    <Workflow WorkflowId="{19437f33-6488-ee11-8179-002248044d4e}" Name="Send Link to Azure Function">
      <JsonFileName>/Workflows/SendLinktoAzureFunction-19437F33-6488-EE11-8179-002248044D4E.json</JsonFileName>
      <Type>1</Type>
      <Subprocess>0</Subprocess>
      <Category>5</Category>
      <Mode>0</Mode>
      <Scope>4</Scope>
      <OnDemand>0</OnDemand>
      <TriggerOnCreate>0</TriggerOnCreate>
      <TriggerOnDelete>0</TriggerOnDelete>
      <AsyncAutodelete>0</AsyncAutodelete>
      <SyncWorkflowLogOnFailure>0</SyncWorkflowLogOnFailure>
      <StateCode>1</StateCode>
      <StatusCode>2</StatusCode>
      <RunAs>1</RunAs>
      <IsTransacted>1</IsTransacted>
      <IntroducedVersion>1.0.0.0</IntroducedVersion>
      <IsCustomizable>1</IsCustomizable>
      <IsCustomProcessingStepAllowedForOtherPublishers>1</IsCustomProcessingStepAllowedForOtherPublishers>
      <PrimaryEntity>none</PrimaryEntity>
      <LocalizedNames>
        <LocalizedName languagecode="1033" description="Send Link to Azure Function" />
      </LocalizedNames>
    </Workflow>
    <Workflow WorkflowId="{1a437f33-6488-ee11-8179-002248044d4e}" Name="Export Medical Data CSV from Power Apps  ">
      <JsonFileName>/Workflows/ExportMedicalDataCSVfromPowerApps-1A437F33-6488-EE11-8179-002248044D4E.json</JsonFileName>
      <Type>1</Type>
      <Subprocess>0</Subprocess>
      <Category>5</Category>
      <Mode>0</Mode>
      <Scope>4</Scope>
      <OnDemand>0</OnDemand>
      <TriggerOnCreate>0</TriggerOnCreate>
      <TriggerOnDelete>0</TriggerOnDelete>
      <AsyncAutodelete>0</AsyncAutodelete>
      <SyncWorkflowLogOnFailure>0</SyncWorkflowLogOnFailure>
      <StateCode>1</StateCode>
      <StatusCode>2</StatusCode>
      <RunAs>1</RunAs>
      <IsTransacted>1</IsTransacted>
      <IntroducedVersion>1.0.0.0</IntroducedVersion>
      <IsCustomizable>1</IsCustomizable>
      <IsCustomProcessingStepAllowedForOtherPublishers>1</IsCustomProcessingStepAllowedForOtherPublishers>
      <PrimaryEntity>none</PrimaryEntity>
      <LocalizedNames>
        <LocalizedName languagecode="1033" description="Export Medical Data CSV from Power Apps  " />
      </LocalizedNames>
    </Workflow>
  </Workflows>
  <FieldSecurityProfiles></FieldSecurityProfiles>
  <Templates />
  <EntityMaps />
  <EntityRelationships />
  <OrganizationSettings />
  <optionsets />
  <CustomControls />
  <EntityDataProviders />
  <CanvasApps>
    <CanvasApp>
      <Name>tk_medicaldatawebappdev_c231a</Name>
      <AppVersion>2023-11-28T13:25:33Z</AppVersion>
      <Status>Ready</Status>
      <CreatedByClientVersion>3.23105.18.0</CreatedByClientVersion>
      <MinClientVersion>3.23105.18.0</MinClientVersion>
      <Tags>{"primaryDeviceWidth":"1366","primaryDeviceHeight":"768","sienaVersion":"20231121T124124Z-3.23105.18.0","deviceCapabilities":"","supportsPortrait":"true","supportsLandscape":"true","primaryFormFactor":"Tablet","publisherVersion":"3.23105.18","minimumRequiredApiVersion":"2.2.0","hasComponent":"false","hasUnlockedComponent":"false","isUnifiedRootApp":"false","optimizedForTeamsMeeting":"false","showStatusBar":"false"}</Tags>
      <IsCdsUpgraded>0</IsCdsUpgraded>
      <GalleryItemId xsi:nil="true"></GalleryItemId>
      <BackgroundColor>rgba(0, 176, 240, 1)</BackgroundColor>
      <DisplayName>Medical Data Web App Dev</DisplayName>
      <Description>Empower business users to efficiently manage and export medical data with the Medical Data Web App Dev. Easily scrape links and export data based on gender and specialty filters, all with the click of a button.</Description>
      <CommitMessage xsi:nil="true"></CommitMessage>
      <Publisher></Publisher>
      <AuthorizationReferences>[]</AuthorizationReferences>
      <ConnectionReferences>{"78f56f2e-848f-4e8c-999d-6f600cb3f026":{"id":"/providers/microsoft.powerapps/apis/shared_sql","xrmConnectionReferenceLogicalName":"tk_sharedsql_14154","displayName":"SQL Server","executionRestrictions":{"version":1,"modifiedOn":"2023-11-28 13:25:31","appVer":"3.23105.18","apiId":"/providers/microsoft.powerapps/apis/shared_sql","apiVer":2,"policy":"{\"type\":\"tabular\",\"dataSources\":{\"[dbo].[healthgradeuserprofile]\":[\"get\"]}}"},"iconUri":"https://connectoricons-prod.azureedge.net/releases/v1.0.1666/1.0.1666.3495/sql/icon.png","dataSources":["HealthGradeUserProfile"],"dependencies":[],"dependents":["a8051274-e47c-46d0-8615-d5e6b0dfb30a"],"parameterHints":{},"parameterHintsV2":{},"isOnPremiseConnection":false,"sharedConnectionId":"8d6b0b6e-da37-4354-9451-2576aed889e6","bypassConsent":false,"dataSets":{"sterling-medical-sql-server.database.windows.net,sterling-medical-sql-dev":{"dataSources":{"HealthGradeUserProfile":{"tableName":"[dbo].[HealthGradeUserProfile]"}}}},"apiTier":"Premium","actions":["providers/PowerPlatform.Governance/Operations/Read"],"endpoints":["sterling-medical-sql-server.database.windows.net,sterling-medical-sql-dev"],"authenticationType":"sqlAuthentication"},"b5997d93-8c10-489f-882f-01d120d7b554":{"id":"/providers/microsoft.powerapps/apis/shared_logicflows","displayName":"Logic flows","iconUri":"https://connectoricons-prod.azureedge.net/releases/v1.0.1664/1.0.1664.3477/logicflows/icon.png","dataSources":["SendLinktoAzureFunction"],"dependencies":[],"dependents":[],"parameterHints":{"workflowName":{"value":"944c8e93-9304-4955-9f88-265a7464cb48"},"workflowEntityId":{"value":"19437f33-6488-ee11-8179-002248044d4e"}},"parameterHintsV2":{"workflowName":{"value":"944c8e93-9304-4955-9f88-265a7464cb48"},"workflowEntityId":{"value":"19437f33-6488-ee11-8179-002248044d4e"}},"isOnPremiseConnection":false,"bypassConsent":false,"dataSets":{},"apiTier":"Standard","actions":["Run"]},"a8051274-e47c-46d0-8615-d5e6b0dfb30a":{"id":"/providers/microsoft.powerapps/apis/shared_logicflows","displayName":"Logic flows","iconUri":"https://connectoricons-prod.azureedge.net/releases/v1.0.1664/1.0.1664.3477/logicflows/icon.png","dataSources":["ExportMedicalDataCSVfromPowerApps"],"dependencies":["62897a53-41fb-4f7a-819a-d03b89a16a2f","78f56f2e-848f-4e8c-999d-6f600cb3f026"],"dependents":[],"parameterHints":{"workflowName":{"value":"03cb2c3c-9b5e-4c4f-a661-5c9a9700279c"},"workflowEntityId":{"value":"1a437f33-6488-ee11-8179-002248044d4e"},"62897a53-41fb-4f7a-819a-d03b89a16a2f":{"value":"shared_onedriveforbusiness"},"78f56f2e-848f-4e8c-999d-6f600cb3f026":{"value":"shared_sql_1"}},"parameterHintsV2":{"workflowName":{"value":"03cb2c3c-9b5e-4c4f-a661-5c9a9700279c"},"workflowEntityId":{"value":"1a437f33-6488-ee11-8179-002248044d4e"},"shared_onedriveforbusiness":{"value":"62897a53-41fb-4f7a-819a-d03b89a16a2f"},"shared_sql_1":{"value":"78f56f2e-848f-4e8c-999d-6f600cb3f026"}},"isOnPremiseConnection":false,"bypassConsent":false,"dataSets":{},"apiTier":"Standard","actions":["Run"]},"62897a53-41fb-4f7a-819a-d03b89a16a2f":{"id":"/providers/microsoft.powerapps/apis/shared_onedriveforbusiness","displayName":"OneDrive for Business","iconUri":"https://connectoricons-prod.azureedge.net/releases/v1.0.1656/1.0.1656.3432/onedriveforbusiness/icon.png","dataSources":[],"dependencies":[],"dependents":["a8051274-e47c-46d0-8615-d5e6b0dfb30a"],"parameterHints":{},"parameterHintsV2":{},"isOnPremiseConnection":false,"bypassConsent":false,"dataSets":{},"apiTier":"Standard"}}</ConnectionReferences>
      <DatabaseReferences>{}</DatabaseReferences>
      <AppComponents>[]</AppComponents>
      <AppComponentDependencies>[]</AppComponentDependencies>
      <CanConsumeAppPass>1</CanConsumeAppPass>
      <CanvasAppType>0</CanvasAppType>
      <BypassConsent>0</BypassConsent>
      <AdminControlBypassConsent>0</AdminControlBypassConsent>
      <EmbeddedApp xsi:nil="true"></EmbeddedApp>
      <IntroducedVersion>1.0</IntroducedVersion>
      <CdsDependencies>{"cdsdependencies":[{"dependencyid":"19437f33-6488-ee11-8179-002248044d4e","componenttype":29,"componenttypeplatformname":"Workflow"},{"dependencyid":"1a437f33-6488-ee11-8179-002248044d4e","componenttype":29,"componenttypeplatformname":"Workflow"},{"logicalname":"tk_sharedsql_14154","componenttype":10083,"componenttypeplatformname":"ConnectionReference"}]}</CdsDependencies>
      <IsCustomizable>1</IsCustomizable>
      <BackgroundImageUri>/CanvasApps/tk_medicaldatawebappdev_c231a_BackgroundImageUri</BackgroundImageUri>
      <DocumentUri>/CanvasApps/tk_medicaldatawebappdev_c231a_DocumentUri.msapp</DocumentUri>
    </CanvasApp>
  </CanvasApps>
  <connectionreferences>
    <connectionreference connectionreferencelogicalname="tk_sharedonedriveforbusiness_ae69a">
      <connectionreferencedisplayname>OneDrive for Business SMCMedicalDataWebApp-ae69a</connectionreferencedisplayname>
      <connectorid>/providers/Microsoft.PowerApps/apis/shared_onedriveforbusiness</connectorid>
      <iscustomizable>1</iscustomizable>
      <statecode>0</statecode>
      <statuscode>1</statuscode>
    </connectionreference>
    <connectionreference connectionreferencelogicalname="tk_sharedsql_69873">
      <connectionreferencedisplayname>SQL Server SMCMedicalDataWebApp-69873</connectionreferencedisplayname>
      <connectorid>/providers/Microsoft.PowerApps/apis/shared_sql</connectorid>
      <iscustomizable>1</iscustomizable>
      <statecode>0</statecode>
      <statuscode>1</statuscode>
    </connectionreference>
  </connectionreferences>
  <Languages>
    <Language>1033</Language>
  </Languages>
</ImportExportXml>