<powerpagecomponent powerpagecomponentid="7e15005d-099a-47c3-8d5e-f1ed92565d8b">
  <content>{"display_name":"Header","type":756150000,"value":"&lt;h3&gt;&lt;a href=\"~/\"&gt;Starter Portal&lt;/a&gt;&lt;/h3&gt;"}</content>
  <iscustomizable>1</iscustomizable>
  <name>Header</name>
  <powerpagecomponenttype>7</powerpagecomponenttype>
  <powerpagesiteid>
    <powerpagesiteid>6dc36fbc-1f20-4641-8e41-bf3fb5b9a72a</powerpagesiteid>
  </powerpagesiteid>
  <powerpagesitelanguageid>
    <powerpagesitelanguageid>d1f8d8ba-31d1-4964-9d0a-be4e20c8ecd2</powerpagesitelanguageid>
  </powerpagesitelanguageid>
  <statecode>0</statecode>
  <statuscode>1</statuscode>
</powerpagecomponent>