<powerpagecomponent powerpagecomponentid="b9c3a22b-ba52-4432-9804-b644593f0efb">
  <content>{"display_name":"Page Modified On Prefix","type":756150000,"value":"This page was last updated"}</content>
  <iscustomizable>1</iscustomizable>
  <name>Page Modified On Prefix</name>
  <powerpagecomponenttype>7</powerpagecomponenttype>
  <powerpagesiteid>
    <powerpagesiteid>6dc36fbc-1f20-4641-8e41-bf3fb5b9a72a</powerpagesiteid>
  </powerpagesiteid>
  <powerpagesitelanguageid>
    <powerpagesitelanguageid>d1f8d8ba-31d1-4964-9d0a-be4e20c8ecd2</powerpagesitelanguageid>
  </powerpagesitelanguageid>
  <statecode>0</statecode>
  <statuscode>1</statuscode>
</powerpagecomponent>