<powerpagecomponent powerpagecomponentid="41b95711-ac7d-4709-bb4f-f2baf77288ee">
  <content>{"display_name":"Browser Title Suffix","type":756150000,"value":"&amp;nbsp;· Starter Portal"}</content>
  <iscustomizable>1</iscustomizable>
  <name>Browser Title Suffix</name>
  <powerpagecomponenttype>7</powerpagecomponenttype>
  <powerpagesiteid>
    <powerpagesiteid>6dc36fbc-1f20-4641-8e41-bf3fb5b9a72a</powerpagesiteid>
  </powerpagesiteid>
  <powerpagesitelanguageid>
    <powerpagesitelanguageid>d1f8d8ba-31d1-4964-9d0a-be4e20c8ecd2</powerpagesitelanguageid>
  </powerpagesitelanguageid>
  <statecode>0</statecode>
  <statuscode>1</statuscode>
</powerpagecomponent>