<powerpagecomponent powerpagecomponentid="4f78ccb6-a4a4-44d8-87b1-6c6d54ec6de3">
  <content>{"enablerating":false,"enabletracking":false,"excludefromsearch":true,"feedbackpolicy":756150000,"hiddenfromsitemap":true,"isroot":true,"pagetemplateid":"9667a70c-0a7e-4925-8878-8f4802b5e7f9","parentpageid":"7f86bc5a-e9eb-4558-a54a-aff1f37057aa","partialurl":"access-denied","publishingstateid":"9b9e528b-c84c-4cb4-afaa-56d94d4eb921","sharedpageconfiguration":false}</content>
  <iscustomizable>1</iscustomizable>
  <name>Access Denied</name>
  <powerpagecomponenttype>2</powerpagecomponenttype>
  <powerpagesiteid>
    <powerpagesiteid>6dc36fbc-1f20-4641-8e41-bf3fb5b9a72a</powerpagesiteid>
  </powerpagesiteid>
  <searchcontent>Access Denied</searchcontent>
  <statecode>0</statecode>
  <statuscode>1</statuscode>
</powerpagecomponent>