<powerpagecomponent powerpagecomponentid="b23ed795-6b2b-48de-8b64-ca21177c4095">
  <content>{"display_name":"Search/Facet/More","type":756150000,"value":"Show more"}</content>
  <iscustomizable>1</iscustomizable>
  <name>Search/Facet/More</name>
  <powerpagecomponenttype>7</powerpagecomponenttype>
  <powerpagesiteid>
    <powerpagesiteid>6dc36fbc-1f20-4641-8e41-bf3fb5b9a72a</powerpagesiteid>
  </powerpagesiteid>
  <powerpagesitelanguageid>
    <powerpagesitelanguageid>d1f8d8ba-31d1-4964-9d0a-be4e20c8ecd2</powerpagesitelanguageid>
  </powerpagesitelanguageid>
  <statecode>0</statecode>
  <statuscode>1</statuscode>
</powerpagecomponent>