<powerpagecomponent powerpagecomponentid="60402f75-c319-40ad-b19f-75c664079139">
  <content>{"display_name":"Account/SignIn/PasswordLabel","type":756150000,"value":"Password"}</content>
  <iscustomizable>1</iscustomizable>
  <name>Account/SignIn/PasswordLabel</name>
  <powerpagecomponenttype>7</powerpagecomponenttype>
  <powerpagesiteid>
    <powerpagesiteid>6dc36fbc-1f20-4641-8e41-bf3fb5b9a72a</powerpagesiteid>
  </powerpagesiteid>
  <powerpagesitelanguageid>
    <powerpagesitelanguageid>d1f8d8ba-31d1-4964-9d0a-be4e20c8ecd2</powerpagesitelanguageid>
  </powerpagesitelanguageid>
  <statecode>0</statecode>
  <statuscode>1</statuscode>
</powerpagecomponent>