<powerpagecomponent powerpagecomponentid="0b9ca944-352d-4185-a632-bb202bf1dd66">
  <content>{"source":"{% extends 'Layout 1 Column' %}\r\n\r\n{% block title %}\r\n  {% include 'Tab Header' page_type: 'topic' %}\r\n{% endblock %}"}</content>
  <iscustomizable>1</iscustomizable>
  <name>Category Topic</name>
  <powerpagecomponenttype>8</powerpagecomponenttype>
  <powerpagesiteid>
    <powerpagesiteid>6dc36fbc-1f20-4641-8e41-bf3fb5b9a72a</powerpagesiteid>
  </powerpagesiteid>
  <statecode>0</statecode>
  <statuscode>1</statuscode>
</powerpagecomponent>