<powerpagecomponent powerpagecomponentid="c120c1f7-0f07-40b0-9674-94e889dd793c">
  <content>{"display_name":"Profile/MarketMail","type":756150000,"value":"Mail"}</content>
  <iscustomizable>1</iscustomizable>
  <name>Profile/MarketMail</name>
  <powerpagecomponenttype>7</powerpagecomponenttype>
  <powerpagesiteid>
    <powerpagesiteid>6dc36fbc-1f20-4641-8e41-bf3fb5b9a72a</powerpagesiteid>
  </powerpagesiteid>
  <powerpagesitelanguageid>
    <powerpagesitelanguageid>d1f8d8ba-31d1-4964-9d0a-be4e20c8ecd2</powerpagesitelanguageid>
  </powerpagesitelanguageid>
  <statecode>0</statecode>
  <statuscode>1</statuscode>
</powerpagecomponent>