<powerpagecomponent powerpagecomponentid="6366e858-7a19-4298-8c04-495ac8754977">
  <content>{"display_name":"Home/Heading","type":756150000,"value":"&lt;div&gt;Sample Data&lt;/div&gt;"}</content>
  <iscustomizable>1</iscustomizable>
  <name>Home/Heading</name>
  <powerpagecomponenttype>7</powerpagecomponenttype>
  <powerpagesiteid>
    <powerpagesiteid>6dc36fbc-1f20-4641-8e41-bf3fb5b9a72a</powerpagesiteid>
  </powerpagesiteid>
  <powerpagesitelanguageid>
    <powerpagesitelanguageid>d1f8d8ba-31d1-4964-9d0a-be4e20c8ecd2</powerpagesitelanguageid>
  </powerpagesitelanguageid>
  <statecode>0</statecode>
  <statuscode>1</statuscode>
</powerpagecomponent>