<powerpagecomponent powerpagecomponentid="07e2f751-d7b4-7478-941a-be506f46a97b">
  <content>{
  "filecontent": null,
  "displayorder": 10,
  "customcss": "",
  "customjavascript": "",
  "pagetemplateid": "9667a70c-0a7e-4925-8878-8f4802b5e7f9",
  "parentpageid": "4a71b5a7-a619-d591-a558-267a1c70ad9e",
  "partialurl": "Task-List",
  "isroot": false,
  "rootwebpageid": "ac7ccfd5-f907-ee32-5265-6e52212978fb",
  "title": "Task List",
  "summary": "&lt;p&gt;This is a sample landing page designed to be a starting point for your website&lt;/p&gt;",
  "copy": "&lt;div id=\"ihubuz\" class=\"row sectionBlockLayout text-start\" style=\"display: flex; flex-wrap: wrap; margin: 0px; min-height: auto; padding: 8px;\"&gt;\n  &lt;div id=\"i01qsg\" class=\"container\" style=\"display: flex; flex-wrap: wrap;\"&gt;&lt;div id=\"i1lzk4\" class=\"col-lg-12 columnBlockLayout\" style=\"flex-grow: 1; display: flex; flex-direction: column; min-width: 250px; word-break: break-word; padding: 16px; margin: 60px 0px;\"&gt;{% include 'entity_list' key: 'task created by loggedin user' %}&lt;/div&gt;&lt;/div&gt;\n&lt;/div&gt;\n",
  "publishingstateid": "9b9e528b-c84c-4cb4-afaa-56d94d4eb921",
  "enablerating": false,
  "enabletracking": false,
  "excludefromsearch": false,
  "hiddenfromsitemap": true,
  "sharedpageconfiguration": false
}</content>
  <iscustomizable>1</iscustomizable>
  <name>Task List</name>
  <powerpagecomponenttype>2</powerpagecomponenttype>
  <powerpagesiteid>
    <powerpagesiteid>6dc36fbc-1f20-4641-8e41-bf3fb5b9a72a</powerpagesiteid>
  </powerpagesiteid>
  <powerpagesitelanguageid>
    <powerpagesitelanguageid>d1f8d8ba-31d1-4964-9d0a-be4e20c8ecd2</powerpagesitelanguageid>
  </powerpagesitelanguageid>
  <searchcontent>Task List&lt;div id="ihubuz" class="row sectionBlockLayout text-start" style="display: flex; flex-wrap: wrap; margin: 0px; min-height: auto; padding: 8px;"&gt;
  &lt;div id="i01qsg" class="container" style="display: flex; flex-wrap: wrap;"&gt;&lt;div id="i1lzk4" class="col-lg-12 columnBlockLayout" style="flex-grow: 1; display: flex; flex-direction: column; min-width: 250px; word-break: break-word; padding: 16px; margin: 60px 0px;"&gt;{% include 'entity_list' key: 'task created by loggedin user' %}&lt;/div&gt;&lt;/div&gt;
&lt;/div&gt;
Task List</searchcontent>
  <statecode>0</statecode>
  <statuscode>1</statuscode>
</powerpagecomponent>