<powerpagecomponent powerpagecomponentid="3ee29f98-c38e-41a4-9aa7-27f2ec7da848">
  <content>{"enablerating":false,"enabletracking":false,"excludefromsearch":false,"feedbackpolicy":756150000,"hiddenfromsitemap":true,"isroot":true,"pagetemplateid":"728cb564-0ae6-473e-aa22-1329a6e64358","parentpageid":"7f86bc5a-e9eb-4558-a54a-aff1f37057aa","partialurl":"profile","publishingstateid":"9b9e528b-c84c-4cb4-afaa-56d94d4eb921","sharedpageconfiguration":false,"title":"Profile"}</content>
  <iscustomizable>1</iscustomizable>
  <name>Profile</name>
  <powerpagecomponenttype>2</powerpagecomponenttype>
  <powerpagesiteid>
    <powerpagesiteid>6dc36fbc-1f20-4641-8e41-bf3fb5b9a72a</powerpagesiteid>
  </powerpagesiteid>
  <searchcontent>ProfileProfile</searchcontent>
  <statecode>0</statecode>
  <statuscode>1</statuscode>
</powerpagecomponent>