<powerpagesitelanguages>
  <powerpagesitelanguage powerpagesitelanguageid="d1f8d8ba-31d1-4964-9d0a-be4e20c8ecd2">
    <content>{"publishingstate":"9b9e528b-c84c-4cb4-afaa-56d94d4eb921","systemlanguage":1033}</content>
    <displayname>English</displayname>
    <iscustomizable>1</iscustomizable>
    <languagecode>en-US</languagecode>
    <lcid>1033</lcid>
    <name>English</name>
    <powerpagesiteid>
      <powerpagesiteid>6dc36fbc-1f20-4641-8e41-bf3fb5b9a72a</powerpagesiteid>
    </powerpagesiteid>
    <statecode>0</statecode>
    <statuscode>1</statuscode>
  </powerpagesitelanguage>
</powerpagesitelanguages>