<powerpagecomponent powerpagecomponentid="7f88a638-2cc6-4c08-8261-edb14b44c57f">
  <content>{"display_name":"Account/Confirm Email/Confirm Email Instructions Text","type":756150000,"value":"Confirm E-mail."}</content>
  <iscustomizable>1</iscustomizable>
  <name>Account/ConfirmEmail/ConfirmEmailInstructionsText</name>
  <powerpagecomponenttype>7</powerpagecomponenttype>
  <powerpagesiteid>
    <powerpagesiteid>6dc36fbc-1f20-4641-8e41-bf3fb5b9a72a</powerpagesiteid>
  </powerpagesiteid>
  <powerpagesitelanguageid>
    <powerpagesitelanguageid>d1f8d8ba-31d1-4964-9d0a-be4e20c8ecd2</powerpagesitelanguageid>
  </powerpagesitelanguageid>
  <statecode>0</statecode>
  <statuscode>1</statuscode>
</powerpagecomponent>