{
  "properties": {
    "connectionReferences": {
      "shared_commondataserviceforapps": {
        "runtimeSource": "embedded",
        "connection": {
          "connectionReferenceLogicalName": "tk_sharedcommondataserviceforapps_b1676"
        },
        "api": {
          "name": "shared_commondataserviceforapps"
        }
      }
    },
    "definition": {
      "$schema": "https://schema.management.azure.com/providers/Microsoft.Logic/schemas/2016-06-01/workflowdefinition.json#",
      "contentVersion": "1.0.0.0",
      "parameters": {
        "$authentication": {
          "defaultValue": {},
          "type": "SecureObject"
        },
        "$connections": {
          "defaultValue": {},
          "type": "Object"
        }
      },
      "triggers": {
        "When_a_row_is_added,_modified_or_deleted": {
          "metadata": {
            "operationMetadataId": "b773d6c7-0006-4545-b43b-9ef0dbf61b9d"
          },
          "type": "OpenApiConnectionWebhook",
          "inputs": {
            "parameters": {
              "subscriptionRequest/message": 7,
              "subscriptionRequest/entityname": "tk_smcprojects",
              "subscriptionRequest/scope": 4,
              "subscriptionRequest/name": "4522d6c1-beb9-ee11-a569-00224804830c"
            },
            "host": {
              "apiId": "/providers/Microsoft.PowerApps/apis/shared_commondataserviceforapps",
              "operationId": "SubscribeWebhookTrigger",
              "connectionName": "shared_commondataserviceforapps"
            }
          }
        }
      },
      "actions": {
        "Parse_JSON": {
          "runAfter": {},
          "type": "ParseJson",
          "inputs": {
            "content": "@triggerBody()",
            "schema": {
              "type": "object",
              "properties": {
                "tk_projecttitle": {
                  "type": "string"
                },
                "_owningbusinessunit_value": {
                  "type": "string"
                },
                "_owningbusinessunit_value@Microsoft.Dynamics.CRM.lookuplogicalname": {
                  "type": "string"
                },
                "_owningbusinessunit_type": {
                  "type": "string"
                },
                "statecode": {
                  "type": "integer"
                },
                "_statecode_label": {
                  "type": "string"
                },
                "statuscode": {
                  "type": "integer"
                },
                "_statuscode_label": {
                  "type": "string"
                },
                "tk_projectnumber": {
                  "type": "string"
                },
                "_createdby_value": {
                  "type": "string"
                },
                "_createdby_value@Microsoft.Dynamics.CRM.lookuplogicalname": {
                  "type": "string"
                },
                "_createdby_type": {
                  "type": "string"
                },
                "tk_smcprojectsid": {
                  "type": "string"
                },
                "timezoneruleversionnumber": {
                  "type": "integer"
                },
                "_ownerid_value": {
                  "type": "string"
                },
                "_ownerid_value@Microsoft.Dynamics.CRM.lookuplogicalname": {
                  "type": "string"
                },
                "_ownerid_type": {
                  "type": "string"
                },
                "modifiedon": {
                  "type": "string"
                },
                "tk_projectstartdate": {
                  "type": "string"
                },
                "_modifiedby_value": {
                  "type": "string"
                },
                "_modifiedby_value@Microsoft.Dynamics.CRM.lookuplogicalname": {
                  "type": "string"
                },
                "_modifiedby_type": {
                  "type": "string"
                },
                "tk_details": {
                  "type": "string"
                },
                "tk_projectstatus": {
                  "type": "integer"
                },
                "_tk_projectstatus_label": {
                  "type": "string"
                },
                "createdon": {
                  "type": "string"
                },
                "_tk_assignedto_value": {
                  "type": "string"
                },
                "_tk_assignedto_value@Microsoft.Dynamics.CRM.lookuplogicalname": {
                  "type": "string"
                },
                "_tk_assignedto_type": {
                  "type": "string"
                },
                "tk_projectdeadline": {
                  "type": "string"
                },
                "ItemInternalId": {
                  "type": "string"
                },
                "SdkMessage": {
                  "type": "string"
                },
                "RunAsSystemUserId": {
                  "type": "string"
                },
                "RowVersion": {
                  "type": "string"
                }
              }
            }
          }
        },
        "Compose_Change_Type": {
          "runAfter": {
            "Compose_Project_number": [
              "Succeeded"
            ]
          },
          "type": "Compose",
          "inputs": "@triggerBody()?['SdkMessage']"
        },
        "Compose_Project_Title": {
          "runAfter": {
            "Compose_Change_Type": [
              "Succeeded"
            ]
          },
          "type": "Compose",
          "inputs": "@triggerBody()?['tk_projecttitle']"
        },
        "Compose_Project_number": {
          "runAfter": {
            "Parse_JSON": [
              "Succeeded"
            ]
          },
          "type": "Compose",
          "inputs": "@triggerBody()?['tk_projectnumber']"
        },
        "Condition_Check_Change_Type": {
          "actions": {
            "Compose_Create": {
              "type": "Compose",
              "inputs": "New project created successfully"
            }
          },
          "runAfter": {
            "Compose_Project_Title": [
              "Succeeded"
            ]
          },
          "else": {
            "actions": {}
          },
          "expression": {
            "and": [
              {
                "equals": [
                  "@outputs('Compose_Change_Type')",
                  "Create"
                ]
              }
            ]
          },
          "type": "If"
        }
      }
    },
    "templateName": null
  },
  "schemaVersion": "1.0.0.0"
}