<powerpagecomponent powerpagecomponentid="3482dc11-3729-4937-9336-0bd928d1f8fc">
  <content>{"disablepagevalidation":false,"displayimageonly":false,"displayorder":3,"displaypagechildlinks":false,"openinnewwindow":false,"pageid":"312a52db-d630-4ce7-8c79-ad9dd389a2c4","publishingstateid":"9b9e528b-c84c-4cb4-afaa-56d94d4eb921","robotsfollowlink":true,"weblinksetid":"b80db80b-f766-4514-b539-ab98f5109bff"}</content>
  <iscustomizable>1</iscustomizable>
  <name>Pages</name>
  <powerpagecomponenttype>5</powerpagecomponenttype>
  <powerpagesiteid>
    <powerpagesiteid>6dc36fbc-1f20-4641-8e41-bf3fb5b9a72a</powerpagesiteid>
  </powerpagesiteid>
  <statecode>0</statecode>
  <statuscode>1</statuscode>
</powerpagecomponent>