<powerpagecomponent powerpagecomponentid="312a52db-d630-4ce7-8c79-ad9dd389a2c4">
  <content>{
  "filecontent": null,
  "displayorder": 2,
  "enablerating": false,
  "enabletracking": false,
  "excludefromsearch": false,
  "feedbackpolicy": 756150000,
  "hiddenfromsitemap": false,
  "isroot": true,
  "pagetemplateid": "9667a70c-0a7e-4925-8878-8f4802b5e7f9",
  "parentpageid": "7f86bc5a-e9eb-4558-a54a-aff1f37057aa",
  "partialurl": "page-deleted",
  "publishingstateid": "9b9e528b-c84c-4cb4-afaa-56d94d4eb921",
  "sharedpageconfiguration": false,
  "title": "Pages"
}</content>
  <iscustomizable>1</iscustomizable>
  <name>Pages-deleted</name>
  <powerpagecomponenttype>2</powerpagecomponenttype>
  <powerpagesiteid>
    <powerpagesiteid>6dc36fbc-1f20-4641-8e41-bf3fb5b9a72a</powerpagesiteid>
  </powerpagesiteid>
  <searchcontent>PagesPages-deleted</searchcontent>
  <statecode>1</statecode>
  <statuscode>2</statuscode>
</powerpagecomponent>