<powerpagecomponent powerpagecomponentid="83d010f9-af45-4b97-95be-24dc509306f1">
  <content>{"display_name":"Account/Sign In/Username Label","type":756150000,"value":"User name"}</content>
  <iscustomizable>1</iscustomizable>
  <name>Account/SignIn/UsernameLabel</name>
  <powerpagecomponenttype>7</powerpagecomponenttype>
  <powerpagesiteid>
    <powerpagesiteid>6dc36fbc-1f20-4641-8e41-bf3fb5b9a72a</powerpagesiteid>
  </powerpagesiteid>
  <powerpagesitelanguageid>
    <powerpagesitelanguageid>d1f8d8ba-31d1-4964-9d0a-be4e20c8ecd2</powerpagesitelanguageid>
  </powerpagesitelanguageid>
  <statecode>0</statecode>
  <statuscode>1</statuscode>
</powerpagecomponent>