<powerpagecomponent powerpagecomponentid="e63727a1-b224-4410-bc7b-90a99dcd5feb">
  <content>{"display_name":"Account/Change Password/Page Copy","type":756150000}</content>
  <iscustomizable>1</iscustomizable>
  <name>Account/ChangePassword/PageCopy</name>
  <powerpagecomponenttype>7</powerpagecomponenttype>
  <powerpagesiteid>
    <powerpagesiteid>6dc36fbc-1f20-4641-8e41-bf3fb5b9a72a</powerpagesiteid>
  </powerpagesiteid>
  <powerpagesitelanguageid>
    <powerpagesitelanguageid>d1f8d8ba-31d1-4964-9d0a-be4e20c8ecd2</powerpagesitelanguageid>
  </powerpagesitelanguageid>
  <statecode>0</statecode>
  <statuscode>1</statuscode>
</powerpagecomponent>