<powerpagecomponent powerpagecomponentid="0c87e094-c51d-617f-176b-e2817e95116e">
  <content>{
  "filecontent": null,
  "displayorder": 2,
  "weblinksetid": "7925a911-9393-4e8a-b04d-a43d060c92c6",
  "pageid": "34787b00-9ef6-3d86-1fb8-d0cbd6c51028",
  "publishingstateid": "9b9e528b-c84c-4cb4-afaa-56d94d4eb921",
  "displaypagevalidation": false,
  "displayimageonly": false,
  "displaypagechildlinks": false,
  "openinnewwindow": false,
  "robotsfollowlink": true,
  "parentweblinkid": "45d7d1a6-2f95-131e-a863-9bfb122f7985"
}</content>
  <iscustomizable>1</iscustomizable>
  <name>Create Task</name>
  <powerpagecomponenttype>5</powerpagecomponenttype>
  <powerpagesiteid>
    <powerpagesiteid>6dc36fbc-1f20-4641-8e41-bf3fb5b9a72a</powerpagesiteid>
  </powerpagesiteid>
  <statecode>0</statecode>
  <statuscode>1</statuscode>
</powerpagecomponent>