<powerpagecomponent powerpagecomponentid="08ec5785-46cf-ee11-9079-000d3a69a76f">
  <content>{
  "filecontent": null,
  "scope": 756150000,
  "entitylogicalname": "systemuser",
  "entityname": "UserTask",
  "appendto": true,
  "append": true,
  "delete": true,
  "create": true,
  "write": true,
  "read": true,
  "adx_entitypermission_webrole": [
    "b17e9c2b-cacc-ee11-9079-000d3a69a76f",
    "dd20f063-cad2-477c-8f7f-24415ddd6ad0"
  ],
  "parentrelationship": null,
  "parententitypermission": null,
  "contactrelationship": null,
  "accountrelationship": null,
  "childTablePermissions": []
}</content>
  <iscustomizable>1</iscustomizable>
  <name>UserTask</name>
  <powerpagecomponenttype>18</powerpagecomponenttype>
  <powerpagesiteid>
    <powerpagesiteid>6dc36fbc-1f20-4641-8e41-bf3fb5b9a72a</powerpagesiteid>
  </powerpagesiteid>
  <statecode>0</statecode>
  <statuscode>1</statuscode>
</powerpagecomponent>