<powerpagecomponent powerpagecomponentid="59231f28-e951-40e2-a85f-d660cfb4128f">
  <content>{"source":"{% extends 'Layout 1 Column' %}\r\n\r\n{% block title %}\r\n  {% if page.children.size &gt; 0 %}\r\n    {% include 'Tab Header' %}\r\n  {% else %}\r\n    {% include 'Page Header' %}\r\n  {% endif %}\r\n{% endblock %}"}</content>
  <iscustomizable>1</iscustomizable>
  <name>Category</name>
  <powerpagecomponenttype>8</powerpagecomponenttype>
  <powerpagesiteid>
    <powerpagesiteid>6dc36fbc-1f20-4641-8e41-bf3fb5b9a72a</powerpagesiteid>
  </powerpagesiteid>
  <statecode>0</statecode>
  <statuscode>1</statuscode>
</powerpagecomponent>