<powerpagecomponent powerpagecomponentid="77050ff4-469b-4db3-809c-e5f460a86dc0">
  <content>{"display_name":"Account/Confirm Email/Confirm Email Error Text","type":756150000,"value":"We were unable to confirm your email address. Make sure the spelling is correct and that your profile allows for email communication, or try another email address."}</content>
  <iscustomizable>1</iscustomizable>
  <name>Account/ConfirmEmail/ConfirmEmailErrorText</name>
  <powerpagecomponenttype>7</powerpagecomponenttype>
  <powerpagesiteid>
    <powerpagesiteid>6dc36fbc-1f20-4641-8e41-bf3fb5b9a72a</powerpagesiteid>
  </powerpagesiteid>
  <powerpagesitelanguageid>
    <powerpagesitelanguageid>d1f8d8ba-31d1-4964-9d0a-be4e20c8ecd2</powerpagesitelanguageid>
  </powerpagesitelanguageid>
  <statecode>0</statecode>
  <statuscode>1</statuscode>
</powerpagecomponent>