<powerpagecomponent powerpagecomponentid="2336e4a2-389b-e0ce-f68c-678760f4362f">
  <content>{
  "filecontent": null,
  "displayorder": 2,
  "customcss": "",
  "customjavascript": "",
  "pagetemplateid": "96242d5b-b5cc-ee11-9079-000d3a69a76f",
  "parentpageid": "ac4f559f-3fea-427b-90f7-57845a41b61b",
  "partialurl": "crud",
  "isroot": true,
  "title": "crud",
  "summary": "&lt;p&gt;This is a sample landing page designed to be a starting point for your website&lt;/p&gt;",
  "copy": "",
  "publishingstateid": "9b9e528b-c84c-4cb4-afaa-56d94d4eb921",
  "enablerating": false,
  "enabletracking": false,
  "excludefromsearch": false,
  "hiddenfromsitemap": true,
  "sharedpageconfiguration": false
}</content>
  <iscustomizable>1</iscustomizable>
  <name>crud</name>
  <powerpagecomponenttype>2</powerpagecomponenttype>
  <powerpagesiteid>
    <powerpagesiteid>6dc36fbc-1f20-4641-8e41-bf3fb5b9a72a</powerpagesiteid>
  </powerpagesiteid>
  <searchcontent>crudcrud</searchcontent>
  <statecode>0</statecode>
  <statuscode>1</statuscode>
</powerpagecomponent>