{
  "properties": {
    "connectionReferences": {
      "shared_onedriveforbusiness": {
        "runtimeSource": "invoker",
        "connection": {
          "connectionReferenceLogicalName": "tk_sharedonedriveforbusiness_ae69a"
        },
        "api": {
          "name": "shared_onedriveforbusiness"
        }
      },
      "shared_sql_1": {
        "runtimeSource": "invoker",
        "connection": {
          "connectionReferenceLogicalName": "tk_sharedsql_69873"
        },
        "api": {
          "name": "shared_sql"
        }
      }
    },
    "definition": {
      "$schema": "https://schema.management.azure.com/providers/Microsoft.Logic/schemas/2016-06-01/workflowdefinition.json#",
      "contentVersion": "1.0.0.0",
      "parameters": {
        "$connections": {
          "defaultValue": {},
          "type": "Object"
        },
        "$authentication": {
          "defaultValue": {},
          "type": "SecureObject"
        }
      },
      "triggers": {
        "manual": {
          "metadata": {
            "operationMetadataId": "84870773-8841-41ca-ba0f-ac8d6049e42a"
          },
          "type": "Request",
          "kind": "PowerAppV2",
          "inputs": {
            "schema": {
              "type": "object",
              "properties": {
                "text": {
                  "title": "Query",
                  "type": "string",
                  "x-ms-dynamically-added": true,
                  "description": "Please enter your input",
                  "x-ms-content-hint": "TEXT"
                }
              },
              "required": [
                "text"
              ]
            }
          }
        }
      },
      "actions": {
        "Create_file": {
          "runAfter": {
            "Create_CSV_table_2": [
              "Succeeded"
            ]
          },
          "metadata": {
            "operationMetadataId": "4193d267-8d27-4bf7-9006-b6665c74962f"
          },
          "type": "OpenApiConnection",
          "inputs": {
            "host": {
              "connectionName": "shared_onedriveforbusiness",
              "operationId": "CreateFile",
              "apiId": "/providers/Microsoft.PowerApps/apis/shared_onedriveforbusiness"
            },
            "parameters": {
              "folderPath": "/ExportedMedicalData/",
              "name": "@{utcNow()}.csv",
              "body": "@body('Create_CSV_table_2')"
            },
            "authentication": "@parameters('$authentication')"
          },
          "runtimeConfiguration": {
            "contentTransfer": {
              "transferMode": "Chunked"
            }
          }
        },
        "Create_share_link_of_CSV_file": {
          "runAfter": {
            "Create_file": [
              "Succeeded"
            ]
          },
          "metadata": {
            "operationMetadataId": "4320bd9e-b744-4afe-ae5a-2e716308f118"
          },
          "type": "OpenApiConnection",
          "inputs": {
            "host": {
              "connectionName": "shared_onedriveforbusiness",
              "operationId": "CreateShareLinkV2",
              "apiId": "/providers/Microsoft.PowerApps/apis/shared_onedriveforbusiness"
            },
            "parameters": {
              "id": "@outputs('Create_file')?['body/Id']",
              "type": "View",
              "scope": "Organization"
            },
            "authentication": "@parameters('$authentication')"
          }
        },
        "Respond_to_a_PowerApp_or_flow": {
          "runAfter": {
            "Create_share_link_of_CSV_file": [
              "Succeeded"
            ]
          },
          "metadata": {
            "operationMetadataId": "f20f0dcf-728f-4974-90e2-9b630d0f54eb"
          },
          "type": "Response",
          "kind": "PowerApp",
          "inputs": {
            "statusCode": 200,
            "body": {
              "medicaldatafilelink": "@{outputs('Create_share_link_of_CSV_file')?['body/WebUrl']}?downloads=1"
            },
            "schema": {
              "type": "object",
              "properties": {
                "medicaldatafilelink": {
                  "title": "MedicalDataFileLink",
                  "x-ms-dynamically-added": true,
                  "type": "string"
                }
              }
            }
          }
        },
        "Get_rows_(V2)": {
          "runAfter": {},
          "metadata": {
            "operationMetadataId": "a72d8304-91b1-4dc3-a90c-cc9184b9cefb"
          },
          "type": "OpenApiConnection",
          "inputs": {
            "host": {
              "connectionName": "shared_sql_1",
              "operationId": "GetItems_V2",
              "apiId": "/providers/Microsoft.PowerApps/apis/shared_sql"
            },
            "parameters": {
              "server": "sterling-medical-sql-server.database.windows.net",
              "database": "sterling-medical-sql-dev",
              "table": "[dbo].[HealthGradeUserProfile]",
              "$filter": "@triggerBody()['text']"
            },
            "authentication": "@parameters('$authentication')"
          },
          "runtimeConfiguration": {
            "paginationPolicy": {
              "minimumItemCount": 100000
            }
          }
        },
        "Create_CSV_table_2": {
          "runAfter": {
            "Get_rows_(V2)": [
              "Succeeded"
            ]
          },
          "metadata": {
            "operationMetadataId": "5289f2d5-6fc9-4367-8746-6a586f1e024b"
          },
          "type": "Table",
          "inputs": {
            "from": "@outputs('Get_rows_(V2)')?['body/value']",
            "format": "CSV",
            "columns": [
              {
                "header": "ProfileName",
                "value": "@item()?['ProfileName']"
              },
              {
                "header": "Specialty",
                "value": "@item()?['Specialty']"
              },
              {
                "header": "Gender",
                "value": "@item()?['Gender']"
              },
              {
                "header": "Biography",
                "value": "@item()?['Biography']"
              },
              {
                "header": "Address1Name",
                "value": "@item()?['Address1Name']"
              },
              {
                "header": "Address1Location",
                "value": "@item()?['Address1Location']"
              },
              {
                "header": "Address1Number",
                "value": "@item()?['Address1Number']"
              },
              {
                "header": "Address2Name",
                "value": "@item()?['Address2Name']"
              },
              {
                "header": "Address2Location",
                "value": "@item()?['Address2Location']"
              },
              {
                "header": "Address2Number",
                "value": "@item()?['Address2Number']"
              },
              {
                "header": "Address3Name",
                "value": "@item()?['Address3Name']"
              },
              {
                "header": "Address3Location",
                "value": "@item()?['Address3Location']"
              },
              {
                "header": "Address3Number",
                "value": "@item()?['Address3Number']"
              },
              {
                "header": "Address4Name",
                "value": "@item()?['Address4Name']"
              },
              {
                "header": "Address4Location",
                "value": "@item()?['Address4Location']"
              },
              {
                "header": "Address4Number",
                "value": "@item()?['Address4Number']"
              },
              {
                "header": "Address5Name",
                "value": "@item()?['Address5Name']"
              },
              {
                "header": "Address5Location",
                "value": "@item()?['Address5Location']"
              },
              {
                "header": "Address5Number",
                "value": "@item()?['Address5Number']"
              },
              {
                "header": "DateTime",
                "value": "@item()?['DateTime']"
              }
            ]
          }
        }
      }
    },
    "templateName": ""
  },
  "schemaVersion": "1.0.0.0"
}