{
  "properties": {
    "connectionReferences": {
      "shared_onedriveforbusiness": {
        "runtimeSource": "invoker",
        "connection": {
          "connectionReferenceLogicalName": "tk_sharedonedriveforbusiness_f0742"
        },
        "api": {
          "name": "shared_onedriveforbusiness"
        }
      },
      "shared_sql_1": {
        "runtimeSource": "invoker",
        "connection": {
          "connectionReferenceLogicalName": "tk_sharedsql_14154"
        },
        "api": {
          "name": "shared_sql"
        }
      }
    },
    "definition": {
      "$schema": "https://schema.management.azure.com/providers/Microsoft.Logic/schemas/2016-06-01/workflowdefinition.json#",
      "contentVersion": "1.0.0.0",
      "parameters": {
        "$connections": {
          "defaultValue": {},
          "type": "Object"
        },
        "$authentication": {
          "defaultValue": {},
          "type": "SecureObject"
        }
      },
      "triggers": {
        "manual": {
          "metadata": {
            "operationMetadataId": "84870773-8841-41ca-ba0f-ac8d6049e42a"
          },
          "type": "Request",
          "kind": "PowerAppV2",
          "inputs": {
            "schema": {
              "type": "object",
              "properties": {
                "text": {
                  "title": "Query",
                  "type": "string",
                  "x-ms-dynamically-added": true,
                  "description": "Please enter your input",
                  "x-ms-content-hint": "TEXT"
                },
                "text_1": {
                  "title": "UserEmail",
                  "type": "string",
                  "x-ms-dynamically-added": true,
                  "description": "Please enter your input",
                  "x-ms-content-hint": "TEXT"
                }
              },
              "required": [
                "text",
                "text_1"
              ]
            }
          }
        }
      },
      "actions": {
        "Create_file": {
          "runAfter": {
            "Create_CSV_table_2": [
              "Succeeded"
            ]
          },
          "metadata": {
            "operationMetadataId": "4193d267-8d27-4bf7-9006-b6665c74962f"
          },
          "type": "OpenApiConnection",
          "inputs": {
            "host": {
              "connectionName": "shared_onedriveforbusiness",
              "operationId": "CreateFile",
              "apiId": "/providers/Microsoft.PowerApps/apis/shared_onedriveforbusiness"
            },
            "parameters": {
              "folderPath": "/ExportedData/",
              "name": "@{utcNow()}.csv",
              "body": "@body('Create_CSV_table_2')"
            },
            "authentication": "@parameters('$authentication')"
          },
          "runtimeConfiguration": {
            "contentTransfer": {
              "transferMode": "Chunked"
            }
          }
        },
        "Create_share_link_of_CSV_file": {
          "runAfter": {
            "Create_file": [
              "Succeeded"
            ]
          },
          "metadata": {
            "operationMetadataId": "4320bd9e-b744-4afe-ae5a-2e716308f118"
          },
          "type": "OpenApiConnection",
          "inputs": {
            "host": {
              "connectionName": "shared_onedriveforbusiness",
              "operationId": "CreateShareLinkV2",
              "apiId": "/providers/Microsoft.PowerApps/apis/shared_onedriveforbusiness"
            },
            "parameters": {
              "id": "@outputs('Create_file')?['body/Id']",
              "type": "View",
              "scope": "Organization"
            },
            "authentication": "@parameters('$authentication')"
          }
        },
        "Respond_to_a_PowerApp_or_flow": {
          "runAfter": {
            "Create_share_link_of_CSV_file": [
              "Succeeded"
            ]
          },
          "metadata": {
            "operationMetadataId": "f20f0dcf-728f-4974-90e2-9b630d0f54eb"
          },
          "type": "Response",
          "kind": "PowerApp",
          "inputs": {
            "statusCode": 200,
            "body": {
              "filelink": "@{outputs('Create_share_link_of_CSV_file')?['body/WebUrl']}?downloads=1"
            },
            "schema": {
              "type": "object",
              "properties": {
                "filelink": {
                  "title": "FileLink",
                  "x-ms-dynamically-added": true,
                  "type": "string"
                }
              }
            }
          }
        },
        "Get_rows_(V2)": {
          "runAfter": {},
          "metadata": {
            "operationMetadataId": "a72d8304-91b1-4dc3-a90c-cc9184b9cefb"
          },
          "type": "OpenApiConnection",
          "inputs": {
            "host": {
              "connectionName": "shared_sql_1",
              "operationId": "GetItems_V2",
              "apiId": "/providers/Microsoft.PowerApps/apis/shared_sql"
            },
            "parameters": {
              "server": "sterling-medical-sql-server.database.windows.net",
              "database": "sterling-medical-sql-dev",
              "table": "[dbo].[DBQ_Data]",
              "$filter": "@triggerBody()['text']"
            },
            "authentication": "@parameters('$authentication')"
          },
          "runtimeConfiguration": {
            "paginationPolicy": {
              "minimumItemCount": 100000
            }
          }
        },
        "Create_CSV_table_2": {
          "runAfter": {
            "Get_rows_(V2)": [
              "Succeeded"
            ]
          },
          "metadata": {
            "operationMetadataId": "5289f2d5-6fc9-4367-8746-6a586f1e024b"
          },
          "type": "Table",
          "inputs": {
            "from": "@outputs('Get_rows_(V2)')?['body/value']",
            "format": "CSV",
            "columns": [
              {
                "header": "CONTRACT NUMBER",
                "value": "@item()?['CONTRACT_x0020_NUMBER']"
              },
              {
                "header": "CLAIMANT",
                "value": "@item()?['CLAIMANT']"
              },
              {
                "header": "DATE OF ISSUE",
                "value": "@item()?['DATE_x0020_OF_x0020_ISSUE']"
              },
              {
                "header": "CURRENT APPOINTMENT",
                "value": "@item()?['CURRENT_x0020_APPOINTMENT']"
              },
              {
                "header": "CURRENT TIME",
                "value": "@item()?['CURRENT_x0020_TIME']"
              },
              {
                "header": "Provider Name",
                "value": "@item()?['TO_x003a_']"
              },
              {
                "header": "DESCRIPTION OF SERVICE ",
                "value": "@{item()?['DESCRIPTION_x0020_OF_x0020_SERVICE_x0020__x0028_NOT_x0020_containing_x0020__x0022_Routine_x0020_Medical_x0020_Opinion_x0022__x0029_']}@{item()?['DESCRIPTION_x0020_OF_x0020_SERVICE_x0020__x0028__x0020_containing_x0020__x0022_Routine_x0020_Medical_x0020_Opinion_x0022__x0029_']}"
              },
              {
                "header": "CPT CODE ",
                "value": "@{item()?['CPT_x0020_CODE_x0020__x0028_NOT_x0020_containing_x0020__x0022_Routine_x0020_Medical_x0020_Opinion_x0022__x0029_']}@{item()?['CPT_x0020_CODE_x0020__x0028_containing_x0020__x0022_Routine_x0020_Medical_x0020_Opinion_x0022__x0029_']}"
              }
            ]
          }
        }
      }
    },
    "templateName": ""
  },
  "schemaVersion": "1.0.0.0"
}