{
  "properties": {
    "connectionReferences": {
      "shared_azureblob": {
        "runtimeSource": "embedded",
        "connection": {
          "connectionReferenceLogicalName": "tk_sharedazureblob_0f339"
        },
        "api": {
          "name": "shared_azureblob"
        }
      },
      "shared_formrecognizer": {
        "runtimeSource": "embedded",
        "connection": {
          "connectionReferenceLogicalName": "tk_sharedformrecognizer_73c95"
        },
        "api": {
          "name": "shared_formrecognizer"
        }
      },
      "shared_sql_1": {
        "runtimeSource": "embedded",
        "connection": {
          "connectionReferenceLogicalName": "tk_sharedsql_14154"
        },
        "api": {
          "name": "shared_sql"
        }
      }
    },
    "definition": {
      "$schema": "https://schema.management.azure.com/providers/Microsoft.Logic/schemas/2016-06-01/workflowdefinition.json#",
      "contentVersion": "1.0.0.0",
      "parameters": {
        "$authentication": {
          "defaultValue": {},
          "type": "SecureObject"
        },
        "$connections": {
          "defaultValue": {},
          "type": "Object"
        }
      },
      "triggers": {
        "When_a_blob_is_added_or_modified_(properties_only)_(V2)": {
          "recurrence": {
            "frequency": "Minute",
            "interval": 3
          },
          "splitOn": "@triggerOutputs()?['body']",
          "metadata": {
            "JTJmcGRmc2ZvcmV4dHJhY3Rpb24=": "/pdfsforextraction",
            "operationMetadataId": "8a14f249-a0bc-47ea-b663-7ed843b63a3d"
          },
          "type": "OpenApiConnection",
          "inputs": {
            "parameters": {
              "dataset": "pdfsforExtraction",
              "folderId": "JTJmcGRmc2ZvcmV4dHJhY3Rpb24=",
              "maxFileCount": 10
            },
            "host": {
              "apiId": "/providers/Microsoft.PowerApps/apis/shared_azureblob",
              "operationId": "OnUpdatedFiles_V2",
              "connectionName": "shared_azureblob"
            }
          },
          "runtimeConfiguration": {
            "concurrency": {
              "runs": 10
            }
          }
        }
      },
      "actions": {
        "Analyze_Document_for_Prebuilt_or_Custom_models_(v3.0_API)": {
          "runAfter": {
            "Get_blob_content_using_path_(V2)": [
              "Succeeded"
            ]
          },
          "metadata": {
            "operationMetadataId": "b59e687c-d5c3-4438-b884-a0ea4bcdb82a"
          },
          "type": "OpenApiConnection",
          "inputs": {
            "parameters": {
              "modelId": "PdfExtractionCustomModel3",
              "inputFileContent": "@body('Get_blob_content_using_path_(V2)')"
            },
            "host": {
              "apiId": "/providers/Microsoft.PowerApps/apis/shared_formrecognizer",
              "operationId": "AnalyzeDocumentV30",
              "connectionName": "shared_formrecognizer"
            }
          }
        },
        "Parse_JSON": {
          "runAfter": {
            "Analyze_Document_for_Prebuilt_or_Custom_models_(v3.0_API)": [
              "Succeeded"
            ]
          },
          "metadata": {
            "operationMetadataId": "1095a09e-8131-4dfd-a88a-af9da2815cd4"
          },
          "type": "ParseJson",
          "inputs": {
            "content": "@outputs('Analyze_Document_for_Prebuilt_or_Custom_models_(v3.0_API)')?['body/analyzeResult/documents']",
            "schema": {
              "type": "array",
              "items": {
                "type": "object",
                "properties": {
                  "docType": {
                    "type": "string"
                  },
                  "boundingRegions": {
                    "type": "array",
                    "items": {
                      "type": "object",
                      "properties": {
                        "pageNumber": {
                          "type": "integer"
                        },
                        "polygon": {
                          "type": "array"
                        }
                      },
                      "required": [
                        "pageNumber",
                        "polygon"
                      ]
                    }
                  },
                  "fields": {
                    "type": "object",
                    "properties": {
                      "CONTRACT NUMBER": {
                        "type": "object",
                        "properties": {
                          "type": {
                            "type": "string"
                          },
                          "content": {
                            "type": "string"
                          },
                          "boundingRegions": {
                            "type": "array",
                            "items": {
                              "type": "object",
                              "properties": {
                                "pageNumber": {
                                  "type": "integer"
                                },
                                "polygon": {
                                  "type": "array",
                                  "items": {
                                    "type": "number"
                                  }
                                }
                              },
                              "required": [
                                "pageNumber",
                                "polygon"
                              ]
                            }
                          },
                          "confidence": {
                            "type": "number"
                          },
                          "spans": {
                            "type": "array",
                            "items": {
                              "type": "object",
                              "properties": {
                                "offset": {
                                  "type": "integer"
                                },
                                "length": {
                                  "type": "integer"
                                }
                              },
                              "required": [
                                "offset",
                                "length"
                              ]
                            }
                          }
                        }
                      },
                      "CLAIMANT": {
                        "type": "object",
                        "properties": {
                          "type": {
                            "type": "string"
                          },
                          "valueString": {
                            "type": "string"
                          },
                          "content": {
                            "type": "string"
                          },
                          "boundingRegions": {
                            "type": "array",
                            "items": {
                              "type": "object",
                              "properties": {
                                "pageNumber": {
                                  "type": "integer"
                                },
                                "polygon": {
                                  "type": "array",
                                  "items": {
                                    "type": "number"
                                  }
                                }
                              },
                              "required": [
                                "pageNumber",
                                "polygon"
                              ]
                            }
                          },
                          "confidence": {
                            "type": "number"
                          },
                          "spans": {
                            "type": "array",
                            "items": {
                              "type": "object",
                              "properties": {
                                "offset": {
                                  "type": "integer"
                                },
                                "length": {
                                  "type": "integer"
                                }
                              },
                              "required": [
                                "offset",
                                "length"
                              ]
                            }
                          }
                        }
                      },
                      "DATE OF ISSUE": {
                        "type": "object",
                        "properties": {
                          "type": {
                            "type": "string"
                          },
                          "content": {
                            "type": "string"
                          },
                          "boundingRegions": {
                            "type": "array",
                            "items": {
                              "type": "object",
                              "properties": {
                                "pageNumber": {
                                  "type": "integer"
                                },
                                "polygon": {
                                  "type": "array",
                                  "items": {
                                    "type": "number"
                                  }
                                }
                              },
                              "required": [
                                "pageNumber",
                                "polygon"
                              ]
                            }
                          },
                          "confidence": {
                            "type": "number"
                          },
                          "spans": {
                            "type": "array",
                            "items": {
                              "type": "object",
                              "properties": {
                                "offset": {
                                  "type": "integer"
                                },
                                "length": {
                                  "type": "integer"
                                }
                              },
                              "required": [
                                "offset",
                                "length"
                              ]
                            }
                          }
                        }
                      },
                      "CURRENT APPOINTMENT": {
                        "type": "object",
                        "properties": {
                          "type": {
                            "type": "string"
                          },
                          "content": {
                            "type": "string"
                          },
                          "boundingRegions": {
                            "type": "array",
                            "items": {
                              "type": "object",
                              "properties": {
                                "pageNumber": {
                                  "type": "integer"
                                },
                                "polygon": {
                                  "type": "array",
                                  "items": {
                                    "type": "number"
                                  }
                                }
                              },
                              "required": [
                                "pageNumber",
                                "polygon"
                              ]
                            }
                          },
                          "confidence": {
                            "type": "number"
                          },
                          "spans": {
                            "type": "array",
                            "items": {
                              "type": "object",
                              "properties": {
                                "offset": {
                                  "type": "integer"
                                },
                                "length": {
                                  "type": "integer"
                                }
                              },
                              "required": [
                                "offset",
                                "length"
                              ]
                            }
                          }
                        }
                      },
                      "CURRENT TIME": {
                        "type": "object",
                        "properties": {
                          "type": {
                            "type": "string"
                          },
                          "content": {
                            "type": "string"
                          },
                          "boundingRegions": {
                            "type": "array",
                            "items": {
                              "type": "object",
                              "properties": {
                                "pageNumber": {
                                  "type": "integer"
                                },
                                "polygon": {
                                  "type": "array",
                                  "items": {
                                    "type": "number"
                                  }
                                }
                              },
                              "required": [
                                "pageNumber",
                                "polygon"
                              ]
                            }
                          },
                          "confidence": {
                            "type": "number"
                          },
                          "spans": {
                            "type": "array",
                            "items": {
                              "type": "object",
                              "properties": {
                                "offset": {
                                  "type": "integer"
                                },
                                "length": {
                                  "type": "integer"
                                }
                              },
                              "required": [
                                "offset",
                                "length"
                              ]
                            }
                          }
                        }
                      },
                      "TO:": {
                        "type": "object",
                        "properties": {
                          "type": {
                            "type": "string"
                          },
                          "valueString": {
                            "type": "string"
                          },
                          "content": {
                            "type": "string"
                          },
                          "boundingRegions": {
                            "type": "array",
                            "items": {
                              "type": "object",
                              "properties": {
                                "pageNumber": {
                                  "type": "integer"
                                },
                                "polygon": {
                                  "type": "array",
                                  "items": {
                                    "type": "number"
                                  }
                                }
                              },
                              "required": [
                                "pageNumber",
                                "polygon"
                              ]
                            }
                          },
                          "confidence": {
                            "type": "number"
                          },
                          "spans": {
                            "type": "array",
                            "items": {
                              "type": "object",
                              "properties": {
                                "offset": {
                                  "type": "integer"
                                },
                                "length": {
                                  "type": "integer"
                                }
                              },
                              "required": [
                                "offset",
                                "length"
                              ]
                            }
                          }
                        }
                      },
                      "CPT Code & Description of Service Table": {
                        "type": "object",
                        "properties": {
                          "type": {
                            "type": "string"
                          },
                          "valueArray": {
                            "type": "array",
                            "items": {
                              "type": "object",
                              "properties": {
                                "type": {
                                  "type": "string"
                                },
                                "valueObject": {
                                  "type": "object",
                                  "properties": {
                                    "CPT CODE": {
                                      "type": "object",
                                      "properties": {
                                        "type": {
                                          "type": "string"
                                        },
                                        "valueString": {
                                          "type": "string"
                                        },
                                        "content": {
                                          "type": "string"
                                        },
                                        "boundingRegions": {
                                          "type": "array",
                                          "items": {
                                            "type": "object",
                                            "properties": {
                                              "pageNumber": {
                                                "type": "integer"
                                              },
                                              "polygon": {
                                                "type": "array",
                                                "items": {
                                                  "type": "number"
                                                }
                                              }
                                            },
                                            "required": [
                                              "pageNumber",
                                              "polygon"
                                            ]
                                          }
                                        },
                                        "spans": {
                                          "type": "array",
                                          "items": {
                                            "type": "object",
                                            "properties": {
                                              "offset": {
                                                "type": "integer"
                                              },
                                              "length": {
                                                "type": "integer"
                                              }
                                            },
                                            "required": [
                                              "offset",
                                              "length"
                                            ]
                                          }
                                        }
                                      }
                                    },
                                    "Description of Service": {
                                      "type": "object",
                                      "properties": {
                                        "type": {
                                          "type": "string"
                                        },
                                        "valueString": {
                                          "type": "string"
                                        },
                                        "content": {
                                          "type": "string"
                                        },
                                        "boundingRegions": {
                                          "type": "array",
                                          "items": {
                                            "type": "object",
                                            "properties": {
                                              "pageNumber": {
                                                "type": "integer"
                                              },
                                              "polygon": {
                                                "type": "array",
                                                "items": {
                                                  "type": "number"
                                                }
                                              }
                                            },
                                            "required": [
                                              "pageNumber",
                                              "polygon"
                                            ]
                                          }
                                        },
                                        "spans": {
                                          "type": "array",
                                          "items": {
                                            "type": "object",
                                            "properties": {
                                              "offset": {
                                                "type": "integer"
                                              },
                                              "length": {
                                                "type": "integer"
                                              }
                                            },
                                            "required": [
                                              "offset",
                                              "length"
                                            ]
                                          }
                                        }
                                      }
                                    }
                                  }
                                }
                              },
                              "required": [
                                "type",
                                "valueObject"
                              ]
                            }
                          }
                        }
                      }
                    }
                  },
                  "confidence": {
                    "type": "number"
                  },
                  "spans": {
                    "type": "array",
                    "items": {
                      "type": "object",
                      "properties": {
                        "offset": {
                          "type": "integer"
                        },
                        "length": {
                          "type": "integer"
                        }
                      },
                      "required": [
                        "offset",
                        "length"
                      ]
                    }
                  },
                  "_fields": {
                    "type": "array",
                    "items": {
                      "type": "object",
                      "properties": {
                        "fieldName": {
                          "type": "string"
                        },
                        "fieldValue": {
                          "type": "object",
                          "properties": {
                            "type": {
                              "type": "string"
                            },
                            "content": {
                              "type": "string"
                            },
                            "boundingRegions": {
                              "type": "array",
                              "items": {
                                "type": "object",
                                "properties": {
                                  "pageNumber": {
                                    "type": "integer"
                                  },
                                  "polygon": {
                                    "type": "array",
                                    "items": {
                                      "type": "number"
                                    }
                                  }
                                },
                                "required": [
                                  "pageNumber",
                                  "polygon"
                                ]
                              }
                            },
                            "confidence": {
                              "type": "number"
                            },
                            "spans": {
                              "type": "array",
                              "items": {
                                "type": "object",
                                "properties": {
                                  "offset": {
                                    "type": "integer"
                                  },
                                  "length": {
                                    "type": "integer"
                                  }
                                },
                                "required": [
                                  "offset",
                                  "length"
                                ]
                              }
                            }
                          }
                        }
                      },
                      "required": [
                        "fieldName",
                        "fieldValue"
                      ]
                    }
                  }
                },
                "required": [
                  "docType",
                  "boundingRegions",
                  "fields",
                  "confidence",
                  "spans",
                  "_fields"
                ]
              }
            }
          }
        },
        "Apply_to_each_CPT_Code_Description_of_Services_Table_Item": {
          "foreach": "@outputs('Get_CPT_Code_Description_of_Services_Table')",
          "actions": {
            "Compose_3-_CPT_Code_and_Description_of_Services": {
              "metadata": {
                "operationMetadataId": "304236c4-1224-43ba-8a52-18330c488e0d"
              },
              "type": "Compose",
              "inputs": "@{coalesce(items('Apply_to_each_CPT_Code_Description_of_Services_Table_Item')?['valueObject']?['CPT CODE']?['valueString'], null)},@{coalesce(items('Apply_to_each_CPT_Code_Description_of_Services_Table_Item')?['valueObject']?['Description of Service']?['valueString'], null)}"
            },
            "Condition_-_Description_of_Service_contains_'Routine_Medical_Opinion'_or_not": {
              "actions": {
                "Compose_-_CPT_Code_and_Description_of_Services": {
                  "metadata": {
                    "operationMetadataId": "ac73f482-1c5a-47ff-8a47-efe2956b986a"
                  },
                  "type": "Compose",
                  "inputs": "@{coalesce(items('Apply_to_each_CPT_Code_Description_of_Services_Table_Item')?['valueObject']?['Description of Service']?['valueString'], null)},@{coalesce(items('Apply_to_each_CPT_Code_Description_of_Services_Table_Item')?['valueObject']?['CPT CODE']?['valueString'], null)}"
                },
                "Insert_row_(V2)": {
                  "runAfter": {
                    "Compose_-_CPT_Code_and_Description_of_Services": [
                      "Succeeded",
                      "Failed",
                      "Skipped",
                      "TimedOut"
                    ]
                  },
                  "metadata": {
                    "operationMetadataId": "d3b167e4-ea4e-4ac6-9762-a7957a7689f7"
                  },
                  "type": "OpenApiConnection",
                  "inputs": {
                    "parameters": {
                      "server": "sterling-medical-sql-server.database.windows.net",
                      "database": "default",
                      "table": "[dbo].[DBQ_Data]",
                      "item/CONTRACT_x0020_NUMBER": "@coalesce(body('Parse_JSON')[0].fields['CONTRACT NUMBER']?['content'], null)",
                      "item/CLAIMANT": "@coalesce(body('Parse_JSON')[0].fields['CLAIMANT']?['content'], null)",
                      "item/DATE_x0020_OF_x0020_ISSUE": "@formatDateTime(coalesce(body('Parse_JSON')[0].fields['DATE OF ISSUE']?['content'], null), 'yyyy-MM-dd')",
                      "item/CURRENT_x0020_APPOINTMENT": "@formatDateTime(coalesce(body('Parse_JSON')[0].fields['CURRENT APPOINTMENT']?['content'], null), 'yyyy-MM-dd')",
                      "item/CURRENT_x0020_TIME": "@coalesce(body('Parse_JSON')[0].fields['CURRENT TIME']?['content'], null)",
                      "item/TO_x003a_": "@coalesce(body('Parse_JSON')[0].fields['TO:']?['content'], null)",
                      "item/DESCRIPTION_x0020_OF_x0020_SERVICE_x0020__x0028__x0020_containing_x0020__x0022_Routine_x0020_Medical_x0020_Opinion_x0022__x0029_": "@coalesce(items('Apply_to_each_CPT_Code_Description_of_Services_Table_Item')?['valueObject']?['Description of Service']?['valueString'], null)",
                      "item/CPT_x0020_CODE_x0020__x0028_containing_x0020__x0022_Routine_x0020_Medical_x0020_Opinion_x0022__x0029_": "@coalesce(items('Apply_to_each_CPT_Code_Description_of_Services_Table_Item')?['valueObject']?['CPT CODE']?['valueString'], null)"
                    },
                    "host": {
                      "apiId": "/providers/Microsoft.PowerApps/apis/shared_sql",
                      "operationId": "PostItem_V2",
                      "connectionName": "shared_sql_1"
                    }
                  }
                }
              },
              "runAfter": {
                "Compose_3-_CPT_Code_and_Description_of_Services": [
                  "Succeeded",
                  "Failed",
                  "Skipped",
                  "TimedOut"
                ]
              },
              "else": {
                "actions": {
                  "Compose_4-_CPT_Code_and_Description_of_Services": {
                    "metadata": {
                      "operationMetadataId": "43e800cc-7bb1-4f50-9cac-2f2c91fb4f18"
                    },
                    "type": "Compose",
                    "inputs": "@{coalesce(items('Apply_to_each_CPT_Code_Description_of_Services_Table_Item')?['valueObject']?['Description of Service']?['content'], null)},@{coalesce(items('Apply_to_each_CPT_Code_Description_of_Services_Table_Item')?['valueObject']?['CPT CODE']?['valueString'], null)}"
                  },
                  "Insert_row_(V2)_2": {
                    "runAfter": {
                      "Compose_4-_CPT_Code_and_Description_of_Services": [
                        "Succeeded",
                        "Failed",
                        "Skipped",
                        "TimedOut"
                      ]
                    },
                    "metadata": {
                      "operationMetadataId": "075935ef-38bc-484f-8029-ad3cac2e4538"
                    },
                    "type": "OpenApiConnection",
                    "inputs": {
                      "parameters": {
                        "server": "sterling-medical-sql-server.database.windows.net",
                        "database": "default",
                        "table": "[dbo].[DBQ_Data]",
                        "item/CONTRACT_x0020_NUMBER": "@coalesce(body('Parse_JSON')[0].fields['CONTRACT NUMBER']?['content'], null)",
                        "item/CLAIMANT": "@coalesce(body('Parse_JSON')[0].fields['CLAIMANT']?['content'], null)",
                        "item/DATE_x0020_OF_x0020_ISSUE": "@formatDateTime(coalesce(body('Parse_JSON')[0].fields['DATE OF ISSUE']?['content'], null), 'yyyy-MM-dd')",
                        "item/CURRENT_x0020_APPOINTMENT": "@formatDateTime(coalesce(body('Parse_JSON')[0].fields['CURRENT APPOINTMENT']?['content'], null), 'yyyy-MM-dd')",
                        "item/CURRENT_x0020_TIME": "@coalesce(body('Parse_JSON')[0].fields['CURRENT TIME']?['content'], null)",
                        "item/TO_x003a_": "@coalesce(body('Parse_JSON')[0].fields['TO:']?['content'], null)",
                        "item/DESCRIPTION_x0020_OF_x0020_SERVICE_x0020__x0028_NOT_x0020_containing_x0020__x0022_Routine_x0020_Medical_x0020_Opinion_x0022__x0029_": "@coalesce(items('Apply_to_each_CPT_Code_Description_of_Services_Table_Item')?['valueObject']?['Description of Service']?['content'], null)",
                        "item/CPT_x0020_CODE_x0020__x0028_NOT_x0020_containing_x0020__x0022_Routine_x0020_Medical_x0020_Opinion_x0022__x0029_": "@coalesce(items('Apply_to_each_CPT_Code_Description_of_Services_Table_Item')?['valueObject']?['CPT CODE']?['valueString'], null)"
                      },
                      "host": {
                        "apiId": "/providers/Microsoft.PowerApps/apis/shared_sql",
                        "operationId": "PostItem_V2",
                        "connectionName": "shared_sql_1"
                      }
                    }
                  }
                }
              },
              "expression": {
                "contains": [
                  "@coalesce(items('Apply_to_each_CPT_Code_Description_of_Services_Table_Item')?['valueObject']?['Description of Service']?['valueString'], null)",
                  "Routine Medical Opinion"
                ]
              },
              "metadata": {
                "operationMetadataId": "e043536f-2d8a-45ba-95ca-d0383b065fea"
              },
              "type": "If"
            }
          },
          "runAfter": {
            "Get_CPT_Code_Description_of_Services_Table": [
              "Succeeded"
            ]
          },
          "metadata": {
            "operationMetadataId": "db4850d6-eab4-4b50-a0a5-2b348acfc5f2"
          },
          "type": "Foreach"
        },
        "Get_CPT_Code_Description_of_Services_Table": {
          "runAfter": {
            "Parse_JSON": [
              "Succeeded"
            ]
          },
          "metadata": {
            "operationMetadataId": "c6f6d706-0a09-4e28-ad1c-4617d007fb1c"
          },
          "type": "Compose",
          "inputs": "@body('Parse_JSON')[0]?['fields']?['CPT Code & Description of Service Table']?['valueArray']"
        },
        "Get_blob_content_using_path_(V2)": {
          "runAfter": {},
          "metadata": {
            "operationMetadataId": "310114f1-8ecb-4a74-8f7a-43de85504cb5"
          },
          "type": "OpenApiConnection",
          "inputs": {
            "parameters": {
              "dataset": "pdfsforExtraction",
              "path": "@triggerOutputs()?['body/Path']",
              "inferContentType": true
            },
            "host": {
              "apiId": "/providers/Microsoft.PowerApps/apis/shared_azureblob",
              "operationId": "GetFileContentByPath_V2",
              "connectionName": "shared_azureblob"
            }
          }
        }
      }
    },
    "templateName": null
  },
  "schemaVersion": "1.0.0.0"
}