<powerpagecomponent powerpagecomponentid="534c7f74-34ff-4b41-ab4c-d753551c22a6">
  <content>{"disablepagevalidation":false,"displayimageonly":false,"displayorder":1,"displaypagechildlinks":false,"openinnewwindow":false,"pageid":"3ee29f98-c38e-41a4-9aa7-27f2ec7da848","publishingstateid":"9b9e528b-c84c-4cb4-afaa-56d94d4eb921","robotsfollowlink":true,"weblinksetid":"16c83b77-f90f-445b-85ab-e3b1c04bda00"}</content>
  <iscustomizable>1</iscustomizable>
  <name>Profile</name>
  <powerpagecomponenttype>5</powerpagecomponenttype>
  <powerpagesiteid>
    <powerpagesiteid>6dc36fbc-1f20-4641-8e41-bf3fb5b9a72a</powerpagesiteid>
  </powerpagesiteid>
  <statecode>0</statecode>
  <statuscode>1</statuscode>
</powerpagecomponent>