<powerpagecomponent powerpagecomponentid="a2c5ae08-f44b-44bc-ad5c-a64e6c7c52f8">
  <content>{"display_name":"Portal Generic Error","type":756150000,"value":"We are sorry, but seems something went wrong. Please try again, and if this persists, contact the website administrator."}</content>
  <iscustomizable>1</iscustomizable>
  <name>Portal Generic Error</name>
  <powerpagecomponenttype>7</powerpagecomponenttype>
  <powerpagesiteid>
    <powerpagesiteid>6dc36fbc-1f20-4641-8e41-bf3fb5b9a72a</powerpagesiteid>
  </powerpagesiteid>
  <powerpagesitelanguageid>
    <powerpagesitelanguageid>d1f8d8ba-31d1-4964-9d0a-be4e20c8ecd2</powerpagesitelanguageid>
  </powerpagesitelanguageid>
  <statecode>0</statecode>
  <statuscode>1</statuscode>
</powerpagecomponent>