<powerpagecomponent powerpagecomponentid="73f2d714-425b-4304-b96a-79fe160030e9">
  <content>{"display_name":"Poll/Total Votes","type":756150000,"value":"{{ poll.votes }} Votes"}</content>
  <iscustomizable>1</iscustomizable>
  <name>Poll/TotalVotes</name>
  <powerpagecomponenttype>7</powerpagecomponenttype>
  <powerpagesiteid>
    <powerpagesiteid>6dc36fbc-1f20-4641-8e41-bf3fb5b9a72a</powerpagesiteid>
  </powerpagesiteid>
  <powerpagesitelanguageid>
    <powerpagesitelanguageid>d1f8d8ba-31d1-4964-9d0a-be4e20c8ecd2</powerpagesitelanguageid>
  </powerpagesitelanguageid>
  <statecode>0</statecode>
  <statuscode>1</statuscode>
</powerpagecomponent>