<ImportExportXml xmlns:xsi="http://www.w3.org/2001/XMLSchema-instance">
  <Entities></Entities>
  <Roles></Roles>
  <Workflows>
    <Workflow WorkflowId="{d8837e93-6488-ee11-8179-002248044d4e}" Name="SMC-RW-AI ChatModel">
      <JsonFileName>/Workflows/SMC-RW-AIChatModel-D8837E93-6488-EE11-8179-002248044D4E.json</JsonFileName>
      <Type>1</Type>
      <Subprocess>0</Subprocess>
      <Category>5</Category>
      <Mode>0</Mode>
      <Scope>4</Scope>
      <OnDemand>0</OnDemand>
      <TriggerOnCreate>0</TriggerOnCreate>
      <TriggerOnDelete>0</TriggerOnDelete>
      <AsyncAutodelete>0</AsyncAutodelete>
      <SyncWorkflowLogOnFailure>0</SyncWorkflowLogOnFailure>
      <StateCode>1</StateCode>
      <StatusCode>2</StatusCode>
      <RunAs>1</RunAs>
      <IsTransacted>1</IsTransacted>
      <IntroducedVersion>1.0.0.0</IntroducedVersion>
      <IsCustomizable>1</IsCustomizable>
      <IsCustomProcessingStepAllowedForOtherPublishers>1</IsCustomProcessingStepAllowedForOtherPublishers>
      <PrimaryEntity>none</PrimaryEntity>
      <LocalizedNames>
        <LocalizedName languagecode="1033" description="SMC-RW-AI ChatModel" />
      </LocalizedNames>
    </Workflow>
    <Workflow WorkflowId="{d9837e93-6488-ee11-8179-002248044d4e}" Name="SMC-RW-AI ChatModelHistory">
      <JsonFileName>/Workflows/SMC-RW-AIChatModelHistory-D9837E93-6488-EE11-8179-002248044D4E.json</JsonFileName>
      <Type>1</Type>
      <Subprocess>0</Subprocess>
      <Category>5</Category>
      <Mode>0</Mode>
      <Scope>4</Scope>
      <OnDemand>0</OnDemand>
      <TriggerOnCreate>0</TriggerOnCreate>
      <TriggerOnDelete>0</TriggerOnDelete>
      <AsyncAutodelete>0</AsyncAutodelete>
      <SyncWorkflowLogOnFailure>0</SyncWorkflowLogOnFailure>
      <StateCode>1</StateCode>
      <StatusCode>2</StatusCode>
      <RunAs>1</RunAs>
      <IsTransacted>1</IsTransacted>
      <IntroducedVersion>1.0.0.0</IntroducedVersion>
      <IsCustomizable>1</IsCustomizable>
      <IsCustomProcessingStepAllowedForOtherPublishers>1</IsCustomProcessingStepAllowedForOtherPublishers>
      <PrimaryEntity>none</PrimaryEntity>
      <LocalizedNames>
        <LocalizedName languagecode="1033" description="SMC-RW-AI ChatModelHistory" />
      </LocalizedNames>
    </Workflow>
    <Workflow WorkflowId="{e3837e93-6488-ee11-8179-002248044d4e}" Name="Summarize History by Chatgpt">
      <JsonFileName>/Workflows/SummarizeHistorybyChatgpt-E3837E93-6488-EE11-8179-002248044D4E.json</JsonFileName>
      <Type>1</Type>
      <Subprocess>0</Subprocess>
      <Category>5</Category>
      <Mode>0</Mode>
      <Scope>4</Scope>
      <OnDemand>0</OnDemand>
      <TriggerOnCreate>0</TriggerOnCreate>
      <TriggerOnDelete>0</TriggerOnDelete>
      <AsyncAutodelete>0</AsyncAutodelete>
      <SyncWorkflowLogOnFailure>0</SyncWorkflowLogOnFailure>
      <StateCode>1</StateCode>
      <StatusCode>2</StatusCode>
      <RunAs>1</RunAs>
      <IsTransacted>1</IsTransacted>
      <IntroducedVersion>1.0.0.0</IntroducedVersion>
      <IsCustomizable>1</IsCustomizable>
      <IsCustomProcessingStepAllowedForOtherPublishers>1</IsCustomProcessingStepAllowedForOtherPublishers>
      <PrimaryEntity>none</PrimaryEntity>
      <LocalizedNames>
        <LocalizedName languagecode="1033" description="Summarize History by Chatgpt" />
      </LocalizedNames>
    </Workflow>
    <Workflow WorkflowId="{f6837e93-6488-ee11-8179-002248044d4e}" Name="SMC_RW_AI Chat with Chatgpt">
      <JsonFileName>/Workflows/SMC_RW_AIChatwithChatgpt-F6837E93-6488-EE11-8179-002248044D4E.json</JsonFileName>
      <Type>1</Type>
      <Subprocess>0</Subprocess>
      <Category>5</Category>
      <Mode>0</Mode>
      <Scope>4</Scope>
      <OnDemand>0</OnDemand>
      <TriggerOnCreate>0</TriggerOnCreate>
      <TriggerOnDelete>0</TriggerOnDelete>
      <AsyncAutodelete>0</AsyncAutodelete>
      <SyncWorkflowLogOnFailure>0</SyncWorkflowLogOnFailure>
      <StateCode>1</StateCode>
      <StatusCode>2</StatusCode>
      <RunAs>1</RunAs>
      <IsTransacted>1</IsTransacted>
      <IntroducedVersion>1.0.0.0</IntroducedVersion>
      <IsCustomizable>1</IsCustomizable>
      <IsCustomProcessingStepAllowedForOtherPublishers>1</IsCustomProcessingStepAllowedForOtherPublishers>
      <PrimaryEntity>none</PrimaryEntity>
      <LocalizedNames>
        <LocalizedName languagecode="1033" description="SMC_RW_AI Chat with Chatgpt" />
      </LocalizedNames>
    </Workflow>
  </Workflows>
  <FieldSecurityProfiles></FieldSecurityProfiles>
  <Templates />
  <EntityMaps />
  <EntityRelationships />
  <OrganizationSettings />
  <optionsets />
  <CustomControls />
  <EntityDataProviders />
  <CanvasApps>
    <CanvasApp>
      <Name>tk_smcrwaidev_fcf3b</Name>
      <AppVersion>2023-12-14T07:29:42Z</AppVersion>
      <Status>Ready</Status>
      <CreatedByClientVersion>3.23114.25.0</CreatedByClientVersion>
      <MinClientVersion>3.23114.25.0</MinClientVersion>
      <Tags>{"primaryDeviceWidth":"1366","primaryDeviceHeight":"768","supportsPortrait":"true","supportsLandscape":"true","primaryFormFactor":"Tablet","showStatusBar":"false","publisherVersion":"3.23114.25","minimumRequiredApiVersion":"2.2.0","hasComponent":"false","hasUnlockedComponent":"false","isUnifiedRootApp":"false","sienaVersion":"20231201T061744Z-3.23105.18.0","offlineLargeFilesSupport":"false"}</Tags>
      <IsCdsUpgraded>0</IsCdsUpgraded>
      <GalleryItemId xsi:nil="true"></GalleryItemId>
      <BackgroundColor>rgba(0, 176, 240, 1)</BackgroundColor>
      <DisplayName>SMC RW-AI-dev</DisplayName>
      <Description>Experience the power of SMC RW-AI-dev, a cutting-edge app that enables you to communicate with AI models seamlessly. With features like chat history, prompts, and settings, this app empowers you to train and test AI models with ease.</Description>
      <CommitMessage xsi:nil="true"></CommitMessage>
      <Publisher></Publisher>
      <AuthorizationReferences>[]</AuthorizationReferences>
      <ConnectionReferences>{"2ba8d97a-22e4-40ca-938a-053d78b52549":{"id":"/providers/microsoft.powerapps/apis/shared_sql","xrmConnectionReferenceLogicalName":"tk_sharedsql_14154","displayName":"SQL Server","executionRestrictions":{"version":1,"modifiedOn":"2023-12-14 07:29:40","appVer":"3.23114.25","apiId":"/providers/microsoft.powerapps/apis/shared_sql","apiVer":1,"policy":"{\"type\":\"tabular\",\"dataSources\":{\"[dbo].[smc_rw_ai_chatsettings]\":[\"post\",\"patch\",\"get\"],\"[dbo].[smc_rw_ai_modelchatcontent]\":[\"post\",\"patch\",\"get\",\"delete\"],\"[dbo].[smc_rw_ai_prompts]\":[\"post\",\"patch\",\"get\",\"delete\"]}}"},"iconUri":"https://connectoricons-prod.azureedge.net/releases/v1.0.1666/1.0.1666.3495/sql/icon.png","dataSources":["ChatHistory","SMC_RW_AI_ChatSettings","SMC_RW_AI_ModelChatContent","SMC_RW_AI_Prompts"],"dependencies":[],"dependents":[],"parameterHints":{},"parameterHintsV2":{},"isOnPremiseConnection":false,"sharedConnectionId":"9e6d1f36-e47d-4e9b-9e2b-349d0434380f","bypassConsent":false,"dataSets":{"default":{"dataSources":{"ChatHistory":{"tableName":"[dbo].[ChatHistory]"},"SMC_RW_AI_ChatSettings":{"tableName":"[dbo].[SMC_RW_AI_ChatSettings]"},"SMC_RW_AI_ModelChatContent":{"tableName":"[dbo].[SMC_RW_AI_ModelChatContent]"},"SMC_RW_AI_Prompts":{"tableName":"[dbo].[SMC_RW_AI_Prompts]"}}}},"apiTier":"Premium","actions":["providers/PowerPlatform.Governance/Operations/Read","providers/PowerPlatform.Governance/Operations/Write","providers/PowerPlatform.Governance/Operations/Delete"],"endpoints":["sterling-medical-sql-server.database.windows.net,sterling-medical-sql-dev"],"authenticationType":"sqlAuthentication"},"4b5e1865-a79d-4fef-803f-a3e29ba5ac27":{"id":"/providers/microsoft.powerapps/apis/shared_logicflows","displayName":"Logic flows","iconUri":"https://connectoricons-prod.azureedge.net/releases/v1.0.1664/1.0.1664.3477/logicflows/icon.png","dataSources":["ChatwithChatgpt"],"dependencies":[],"dependents":[],"parameterHints":{"workflowName":{"value":"2e879cb4-7b7c-42ae-8146-77b1bb60b577"},"workflowEntityId":{"value":"f6837e93-6488-ee11-8179-002248044d4e"}},"parameterHintsV2":{"workflowName":{"value":"2e879cb4-7b7c-42ae-8146-77b1bb60b577"},"workflowEntityId":{"value":"f6837e93-6488-ee11-8179-002248044d4e"}},"isOnPremiseConnection":false,"bypassConsent":false,"dataSets":{},"apiTier":"Standard","actions":["Run"]},"6fe0cd75-188b-443a-b3c9-d2d801b98a30":{"id":"/providers/microsoft.powerapps/apis/shared_logicflows","displayName":"Logic flows","iconUri":"https://connectoricons-prod.azureedge.net/releases/v1.0.1664/1.0.1664.3477/logicflows/icon.png","dataSources":["SMC-RW-AIChatModel"],"dependencies":[],"dependents":[],"parameterHints":{"workflowName":{"value":"b3f194f9-c924-480e-974b-8471c339f44e"},"workflowEntityId":{"value":"d8837e93-6488-ee11-8179-002248044d4e"}},"parameterHintsV2":{"workflowName":{"value":"b3f194f9-c924-480e-974b-8471c339f44e"},"workflowEntityId":{"value":"d8837e93-6488-ee11-8179-002248044d4e"}},"isOnPremiseConnection":false,"bypassConsent":false,"dataSets":{},"apiTier":"Standard","actions":["Run"]},"272be4f5-01ef-4935-8b2d-a0f8e545629a":{"id":"/providers/microsoft.powerapps/apis/shared_logicflows","displayName":"Logic flows","iconUri":"https://connectoricons-prod.azureedge.net/releases/v1.0.1664/1.0.1664.3477/logicflows/icon.png","dataSources":["SMC-RW-AIChatModelHistory"],"dependencies":[],"dependents":[],"parameterHints":{"workflowName":{"value":"abdc6c91-bb5b-4ed9-be3e-c94efbe0939a"},"workflowEntityId":{"value":"d9837e93-6488-ee11-8179-002248044d4e"}},"parameterHintsV2":{"workflowName":{"value":"abdc6c91-bb5b-4ed9-be3e-c94efbe0939a"},"workflowEntityId":{"value":"d9837e93-6488-ee11-8179-002248044d4e"}},"isOnPremiseConnection":false,"bypassConsent":false,"dataSets":{},"apiTier":"Standard","actions":["Run"]}}</ConnectionReferences>
      <DatabaseReferences>{}</DatabaseReferences>
      <AppComponents>[]</AppComponents>
      <AppComponentDependencies>[]</AppComponentDependencies>
      <CanConsumeAppPass>1</CanConsumeAppPass>
      <CanvasAppType>0</CanvasAppType>
      <BypassConsent>0</BypassConsent>
      <AdminControlBypassConsent>0</AdminControlBypassConsent>
      <EmbeddedApp xsi:nil="true"></EmbeddedApp>
      <IntroducedVersion>1.0</IntroducedVersion>
      <CdsDependencies>{"cdsdependencies":[{"dependencyid":"f6837e93-6488-ee11-8179-002248044d4e","componenttype":29,"componenttypeplatformname":"Workflow"},{"dependencyid":"d8837e93-6488-ee11-8179-002248044d4e","componenttype":29,"componenttypeplatformname":"Workflow"},{"dependencyid":"d9837e93-6488-ee11-8179-002248044d4e","componenttype":29,"componenttypeplatformname":"Workflow"},{"logicalname":"tk_sharedsql_14154","componenttype":10083,"componenttypeplatformname":"ConnectionReference"}]}</CdsDependencies>
      <IsCustomizable>1</IsCustomizable>
      <BackgroundImageUri>/CanvasApps/tk_smcrwaidev_fcf3b_BackgroundImageUri</BackgroundImageUri>
      <DocumentUri>/CanvasApps/tk_smcrwaidev_fcf3b_DocumentUri.msapp</DocumentUri>
      <AdditionalUris>
        <AdditionalUri>/CanvasApps/tk_smcrwaidev_fcf3b_AdditionalUris0_identity.json</AdditionalUri>
      </AdditionalUris>
    </CanvasApp>
  </CanvasApps>
  <Languages>
    <Language>1033</Language>
  </Languages>
</ImportExportXml>