<powerpagecomponent powerpagecomponentid="43ea8df4-64fd-41be-96b6-fab25c2344b1">
  <content>{"display_name":"Account/Signin/Account Conversion Identity Used Error Heading","type":756150000,"value":"Account Conversion Error"}</content>
  <iscustomizable>1</iscustomizable>
  <name>Account/Signin/AccountConversionIdentityUsedErrorHeading</name>
  <powerpagecomponenttype>7</powerpagecomponenttype>
  <powerpagesiteid>
    <powerpagesiteid>6dc36fbc-1f20-4641-8e41-bf3fb5b9a72a</powerpagesiteid>
  </powerpagesiteid>
  <powerpagesitelanguageid>
    <powerpagesitelanguageid>d1f8d8ba-31d1-4964-9d0a-be4e20c8ecd2</powerpagesitelanguageid>
  </powerpagesitelanguageid>
  <statecode>0</statecode>
  <statuscode>1</statuscode>
</powerpagecomponent>